"","uniqueID","blur","sigma","image_id"
"1","cart",1,5.192,100
"2","cart",2,6.56947862556008,100
"3","cart",3,8.31241321488651,100
"4","cart",4,10.5177621228852,100
"5","cart",5,13.3082075221533,100
"6","cart",6,16.8389801350739,100
"7","cart",7,21.3064946212633,100
"8","cart",8,26.9592760015408,100
"9","napkin_ring",1,4.226,101
"10","napkin_ring",2,5.11181328108072,101
"11","napkin_ring",3,6.18330218188198,101
"12","napkin_ring",4,7.47938623149071,101
"13","napkin_ring",5,9.04714289457324,101
"14","napkin_ring",6,10.9435175589954,101
"15","napkin_ring",7,13.2373919545227,101
"16","napkin_ring",8,16.0120861334595,101
"17","pedometer",1,5.192,102
"18","pedometer",2,6.11242227961557,102
"19","pedometer",3,7.19601427664499,102
"20","pedometer",4,8.47170223208716,102
"21","pedometer",5,9.97354034469925,102
"22","pedometer",6,11.7416198400586,102
"23","pedometer",7,13.8231391966777,102
"24","pedometer",8,16.2736640986133,102
"25","binoculars",1,4.226,103
"26","binoculars",2,5.11181328108072,103
"27","binoculars",3,6.18330218188198,103
"28","binoculars",4,7.47938623149071,103
"29","binoculars",5,9.04714289457324,103
"30","binoculars",6,10.9435175589954,103
"31","binoculars",7,13.2373919545227,103
"32","binoculars",8,16.0120861334595,103
"33","turtleneck",1,7.838,104
"34","turtleneck",2,8.81797768151158,104
"35","turtleneck",3,9.92048104001484,104
"36","turtleneck",4,11.160829344311,104
"37","turtleneck",5,12.556257216802,104
"38","turtleneck",6,14.1261541083285,104
"39","turtleneck",7,15.8923337143191,104
"40","turtleneck",8,17.8793370757847,104
"41","tennis_ball",1,7.838,105
"42","tennis_ball",2,10.2433237246159,105
"43","tennis_ball",3,13.3867926674252,105
"44","tennis_ball",4,17.4949286714404,105
"45","tennis_ball",5,22.8637685532825,105
"46","tennis_ball",6,29.8801968430677,105
"47","tennis_ball",7,39.0498251108431,105
"48","tennis_ball",8,51.033426894616,105
"49","tupperware",1,5.192,106
"50","tupperware",2,6.19425995681484,106
"51","tupperware",3,7.38999545697222,106
"52","tupperware",4,8.81655488061761,106
"53","tupperware",5,10.5184963124172,106
"54","tupperware",6,12.5489792977485,106
"55","tupperware",7,14.9714252625081,106
"56","tupperware",8,17.861498459168,106
"57","coffee_filter",1,4,107
"58","coffee_filter",2,4.8760546168179,107
"59","coffee_filter",3,5.94397715654779,107
"60","coffee_filter",4,7.24578931411125,107
"61","coffee_filter",5,8.8327161093905,107
"62","coffee_filter",6,10.7672015410588,107
"63","coffee_filter",7,13.1253656961222,107
"64","coffee_filter",8,16,107
"65","coaster",1,4,108
"66","coaster",2,4.8760546168179,108
"67","coaster",3,5.94397715654779,108
"68","coaster",4,7.24578931411125,108
"69","coaster",5,8.8327161093905,108
"70","coaster",6,10.7672015410588,108
"71","coaster",7,13.1253656961222,108
"72","coaster",8,16,108
"73","napkin",1,4,109
"74","napkin",2,4.8760546168179,109
"75","napkin",3,5.94397715654779,109
"76","napkin",4,7.24578931411125,109
"77","napkin",5,8.8327161093905,109
"78","napkin",6,10.7672015410588,109
"79","napkin",7,13.1253656961222,109
"80","napkin",8,16,109
"81","sock",1,14.536,110
"82","sock",2,15.923577716158,110
"83","sock",3,17.4436108477246,110
"84","sock",4,19.1087433258227,110
"85","sock",5,20.9328260461512,110
"86","sock",6,22.9310320834277,110
"87","sock",7,25.1199829039746,110
"88","sock",8,27.5178866263071,110
"89","wax",1,4,111
"90","wax",2,4.8760546168179,111
"91","wax",3,5.94397715654779,111
"92","wax",4,7.24578931411125,111
"93","wax",5,8.8327161093905,111
"94","wax",6,10.7672015410588,111
"95","wax",7,13.1253656961222,111
"96","wax",8,16,111
"97","yarn",1,4,112
"98","yarn",2,4.8760546168179,112
"99","yarn",3,5.94397715654779,112
"100","yarn",4,7.24578931411125,112
"101","yarn",5,8.8327161093905,112
"102","yarn",6,10.7672015410588,112
"103","yarn",7,13.1253656961222,112
"104","yarn",8,16,112
"105","pulpit",1,4,113
"106","pulpit",2,4.8760546168179,113
"107","pulpit",3,5.94397715654779,113
"108","pulpit",4,7.24578931411125,113
"109","pulpit",5,8.8327161093905,113
"110","pulpit",6,10.7672015410588,113
"111","pulpit",7,13.1253656961222,113
"112","pulpit",8,16,113
"113","flagpole",1,4,114
"114","flagpole",2,6.13371039147435,114
"115","flagpole",3,9.4056007916201,114
"116","flagpole",4,14.4228078284049,114
"117","flagpole",5,22.1163315628312,114
"118","flagpole",6,33.9137931820574,114
"119","flagpole",7,52.0043464137744,114
"120","flagpole",8,79.7449,114
"121","onion",1,4.226,115
"122","onion",2,5.34722645469336,115
"123","onion",3,6.76593250302236,115
"124","onion",4,8.56104431396847,115
"125","onion",5,10.8324284513617,115
"126","onion",6,13.7064477008268,115
"127","onion",7,17.3429909478779,115
"128","onion",8,21.9443681968765,115
"129","bookshelf",1,4,116
"130","bookshelf",2,5.14137087461895,116
"131","bookshelf",3,6.608423617595,116
"132","bookshelf",4,8.49408917866173,116
"133","bookshelf",5,10.9178156773969,116
"134","bookshelf",6,14.0331348845566,116
"135","bookshelf",7,18.0373877437646,116
"136","bookshelf",8,23.184225,116
"137","cane",1,6.379,118
"138","cane",2,7.33083481199326,118
"139","cane",3,8.42469651053963,118
"140","cane",4,9.6817774666785,118
"141","cane",5,11.1264322456026,118
"142","cane",6,12.7866494496547,118
"143","cane",7,14.6945939668104,118
"144","cane",8,16.8872301301144,118
"145","yolk",1,5.192,119
"146","yolk",2,6.11242227961557,119
"147","yolk",3,7.19601427664499,119
"148","yolk",4,8.47170223208716,119
"149","yolk",5,9.97354034469925,119
"150","yolk",6,11.7416198400586,119
"151","yolk",7,13.8231391966777,119
"152","yolk",8,16.2736640986133,119
"153","granite",1,4,120
"154","granite",2,4.8760546168179,120
"155","granite",3,5.94397715654779,120
"156","granite",4,7.24578931411125,120
"157","granite",5,8.8327161093905,120
"158","granite",6,10.7672015410588,120
"159","granite",7,13.1253656961222,120
"160","granite",8,16,120
"161","dress",1,7.411,121
"162","dress",2,9.45741672489929,121
"163","dress",3,12.0689152757259,121
"164","dress",4,15.4015330157931,121
"165","dress",5,19.654394269687,121
"166","dress",6,25.0816080264341,121
"167","dress",7,32.0074509832095,121
"168","dress",8,40.8457431183376,121
"169","thermometer",1,5.639,122
"170","thermometer",2,6.57241410585035,122
"171","thermometer",3,7.66033466550464,122
"172","thermometer",4,8.92833687020698,122
"173","thermometer",5,10.4062293292307,122
"174","thermometer",6,12.1287548203848,122
"175","thermometer",7,14.1364070345624,122
"176","thermometer",8,16.4763825146302,122
"177","shawl",1,4.674,123
"178","shawl",2,5.57714284438126,123
"179","shawl",3,6.6547972414705,123
"180","shawl",4,7.94068352932721,123
"181","shawl",5,9.47503772466483,123
"182","shawl",6,11.3058705276759,123
"183","shawl",7,13.490469600541,123
"184","shawl",8,16.0971921266581,123
"185","carrot",1,10.7305,124
"186","carrot",2,12.819762202299,124
"187","carrot",3,15.3158103465351,124
"188","carrot",4,18.2978469389208,124
"189","carrot",5,21.8604954634947,124
"190","carrot",6,26.1168028951529,124
"191","carrot",7,31.2018268114417,124
"192","carrot",8,37.2769209263315,124
"193","bowling_ball",1,7.411,125
"194","bowling_ball",2,9.03820027909305,125
"195","bowling_ball",3,11.0226776798,125
"196","bowling_ball",4,13.4428779492539,125
"197","bowling_ball",5,16.3944708180759,125
"198","bowling_ball",6,19.9941317937548,125
"199","bowling_ball",7,24.3841543055644,125
"200","bowling_ball",8,29.738074517609,125
"201","bow3",1,5.639,126
"202","bow3",2,6.57241410585035,126
"203","bow3",3,7.66033466550464,126
"204","bow3",4,8.92833687020698,126
"205","bow3",5,10.4062293292307,126
"206","bow3",6,12.1287548203848,126
"207","bow3",7,14.1364070345624,126
"208","bow3",8,16.4763825146302,126
"209","baton4",1,7.1085,128
"210","baton4",2,8.58216869032914,128
"211","baton4",3,10.36134478853,128
"212","baton4",4,12.5093632740842,128
"213","baton4",5,15.102689150566,128
"214","baton4",6,18.2336394411987,128
"215","baton4",7,22.0136694834362,128
"216","baton4",8,26.5773405078427,128
"217","reel",1,4.117,129
"218","reel",2,4.99820002582435,129
"219","reel",3,6.06801153707809,129
"220","reel",4,7.3668048145072,129
"221","reel",5,8.94359096772233,129
"222","reel",6,10.8578714126384,129
"223","reel",7,13.1818832098728,129
"224","reel",8,16.0033249939276,129
"225","gravel",1,4,130
"226","gravel",2,4.8760546168179,130
"227","gravel",3,5.94397715654779,130
"228","gravel",4,7.24578931411125,130
"229","gravel",5,8.8327161093905,130
"230","gravel",6,10.7672015410588,130
"231","gravel",7,13.1253656961222,130
"232","gravel",8,16,130
"233","fungus",1,4.329,131
"234","fungus",2,5.43999678872568,131
"235","fungus",3,6.83612036529123,131
"236","fungus",4,8.59054581532144,131
"237","fungus",5,10.7952279160891,131
"238","fungus",6,13.5657207662477,131
"239","fungus",7,17.0472343278209,131
"240","fungus",8,21.4222453222453,131
"241","lectern",1,4,132
"242","lectern",2,4.8760546168179,132
"243","lectern",3,5.94397715654779,132
"244","lectern",4,7.24578931411125,132
"245","lectern",5,8.8327161093905,132
"246","lectern",6,10.7672015410588,132
"247","lectern",7,13.1253656961222,132
"248","lectern",8,16,132
"249","ski_boots",1,4.316,133
"250","ski_boots",2,5.20549826317947,133
"251","ski_boots",3,6.27831607228094,133
"252","ski_boots",4,7.57223433965482,133
"253","ski_boots",5,9.13282036688163,133
"254","ski_boots",6,11.0150325666665,133
"255","ski_boots",7,13.2851559070083,133
"256","ski_boots",8,16.0231362372567,133
"257","crate",1,4.5335,134
"258","crate",2,5.43147141178742,134
"259","crate",3,6.50730819390406,134
"260","crate",4,7.79624096677621,134
"261","crate",5,9.34047864353169,134
"262","crate",6,11.1905906528628,134
"263","crate",7,13.4071629451946,134
"264","crate",8,16.0627820116908,134
"265","pogo_stick",1,6.215,135
"266","pogo_stick",2,7.16304181968728,135
"267","pogo_stick",3,8.25569881103601,135
"268","pogo_stick",4,9.51503070542131,135
"269","pogo_stick",5,10.9664622459439,135
"270","pogo_stick",6,12.6392964894156,135
"271","pogo_stick",7,14.5673064079019,135
"272","pogo_stick",8,16.7894167337088,135
"273","apple_tree",1,4.5895,137
"274","apple_tree",2,5.4895597932969,137
"275","apple_tree",3,6.56613285198429,137
"276","apple_tree",4,7.85383569053248,137
"277","apple_tree",5,9.39407356572771,137
"278","apple_tree",6,11.2363718360806,137
"279","apple_tree",7,13.4399684178847,137
"280","apple_tree",8,16.0757185423249,137
"281","surfboard",1,4,138
"282","surfboard",2,4.8760546168179,138
"283","surfboard",3,5.94397715654779,138
"284","surfboard",4,7.24578931411125,138
"285","surfboard",5,8.8327161093905,138
"286","surfboard",6,10.7672015410588,138
"287","surfboard",7,13.1253656961222,138
"288","surfboard",8,16,138
"289","aquarium",1,4.226,139
"290","aquarium",2,5.51512474660599,139
"291","aquarium",3,7.19749194761613,139
"292","aquarium",4,9.39305867340158,139
"293","aquarium",5,12.258374428774,139
"294","aquarium",6,15.997743531778,139
"295","aquarium",7,20.87779253241,139
"296","aquarium",8,27.2464813653573,139
"297","dashboard",1,6.535,140
"298","dashboard",2,7.49030629075504,140
"299","dashboard",3,8.58526217740237,140
"300","dashboard",4,9.8402820650617,140
"301","dashboard",5,11.2787645990414,140
"302","dashboard",6,12.9275289101982,140
"303","dashboard",7,14.8173146319778,140
"304","dashboard",8,16.9833550114767,140
"305","backgammon",1,4,142
"306","backgammon",2,4.8760546168179,142
"307","backgammon",3,5.94397715654779,142
"308","backgammon",4,7.24578931411125,142
"309","backgammon",5,8.8327161093905,142
"310","backgammon",6,10.7672015410588,142
"311","backgammon",7,13.1253656961222,142
"312","backgammon",8,16,142
"313","tapestry",1,4,143
"314","tapestry",2,4.8760546168179,143
"315","tapestry",3,5.94397715654779,143
"316","tapestry",4,7.24578931411125,143
"317","tapestry",5,8.8327161093905,143
"318","tapestry",6,10.7672015410588,143
"319","tapestry",7,13.1253656961222,143
"320","tapestry",8,16,143
"321","retainer",1,4,144
"322","retainer",2,4.8760546168179,144
"323","retainer",3,5.94397715654779,144
"324","retainer",4,7.24578931411125,144
"325","retainer",5,8.8327161093905,144
"326","retainer",6,10.7672015410588,144
"327","retainer",7,13.1253656961222,144
"328","retainer",8,16,144
"329","cabinet",1,4.117,145
"330","cabinet",2,5.06643369235471,145
"331","cabinet",3,6.23481913019845,145
"332","cabinet",4,7.67264943089024,145
"333","cabinet",5,9.44206208071132,145
"334","cabinet",6,11.6195242776344,145
"335","cabinet",7,14.2991375490261,145
"336","cabinet",8,17.596704457129,145
"337","peanut",1,5.3025,146
"338","peanut",2,6.22628453081002,146
"339","peanut",3,7.31100783754912,146
"340","peanut",4,8.58470815720187,146
"341","peanut",5,10.0803084584073,146
"342","peanut",6,11.8364674437293,146
"343","peanut",7,13.8985788108116,146
"344","peanut",8,16.319944601603,146
"345","magnet",1,4,147
"346","magnet",2,6.17066911474384,147
"347","magnet",3,9.51928933091337,147
"348","magnet",4,14.6850961671444,147
"349","magnet",5,22.6542173414103,147
"350","magnet",6,34.9479198168336,147
"351","magnet",7,53.9130123595698,147
"352","magnet",8,83.1698400625,147
"353","okra",1,4,148
"354","okra",2,4.8760546168179,148
"355","okra",3,5.94397715654779,148
"356","okra",4,7.24578931411125,148
"357","okra",5,8.8327161093905,148
"358","okra",6,10.7672015410588,148
"359","okra",7,13.1253656961222,148
"360","okra",8,16,148
"361","robe",1,4,149
"362","robe",2,4.8760546168179,149
"363","robe",3,5.94397715654779,149
"364","robe",4,7.24578931411125,149
"365","robe",5,8.8327161093905,149
"366","robe",6,10.7672015410588,149
"367","robe",7,13.1253656961222,149
"368","robe",8,16,149
"369","rug",1,4,150
"370","rug",2,4.8760546168179,150
"371","rug",3,5.94397715654779,150
"372","rug",4,7.24578931411125,150
"373","rug",5,8.8327161093905,150
"374","rug",6,10.7672015410588,150
"375","rug",7,13.1253656961222,150
"376","rug",8,16,150
"377","traffic_light",1,7.838,152
"378","traffic_light",2,8.86973889223887,152
"379","traffic_light",3,10.0372885961336,152
"380","traffic_light",4,11.358526286521,152
"381","traffic_light",5,12.8536823631121,152
"382","traffic_light",6,14.5456502123731,152
"383","traffic_light",7,16.46033674427,152
"384","traffic_light",8,18.6270590711916,152
"385","swing",1,6.515,153
"386","swing",2,7.46986839809308,153
"387","swing",3,8.56468670526932,153
"388","swing",4,9.81996662459849,153
"389","swing",5,11.2592261487977,153
"390","swing",6,12.9094301758844,153
"391","swing",7,14.8014957034886,153
"392","swing",8,16.970871066769,153
"393","headlamp",1,4,154
"394","headlamp",2,4.8760546168179,154
"395","headlamp",3,5.94397715654779,154
"396","headlamp",4,7.24578931411125,154
"397","headlamp",5,8.8327161093905,154
"398","headlamp",6,10.7672015410588,154
"399","headlamp",7,13.1253656961222,154
"400","headlamp",8,16,154
"401","remote_control",1,6.379,155
"402","remote_control",2,8.12016150275621,155
"403","remote_control",3,10.3365767096479,155
"404","remote_control",4,13.1579671214876,155
"405","remote_control",5,16.749461996306,155
"406","remote_control",6,21.3212629713563,155
"407","remote_control",7,27.1409466640773,155
"408","remote_control",8,34.5491252939332,155
"409","pacifier",1,4,157
"410","pacifier",2,4.8760546168179,157
"411","pacifier",3,5.94397715654779,157
"412","pacifier",4,7.24578931411125,157
"413","pacifier",5,8.8327161093905,157
"414","pacifier",6,10.7672015410588,157
"415","pacifier",7,13.1253656961222,157
"416","pacifier",8,16,157
"417","lego",1,4,158
"418","lego",2,4.8760546168179,158
"419","lego",3,5.94397715654779,158
"420","lego",4,7.24578931411125,158
"421","lego",5,8.8327161093905,158
"422","lego",6,10.7672015410588,158
"423","lego",7,13.1253656961222,158
"424","lego",8,16,158
"425","triangle",1,5.3025,159
"426","triangle",2,6.22628453081002,159
"427","triangle",3,7.31100783754912,159
"428","triangle",4,8.58470815720187,159
"429","triangle",5,10.0803084584073,159
"430","triangle",6,11.8364674437293,159
"431","triangle",7,13.8985788108116,159
"432","triangle",8,16.319944601603,159
"433","braid",1,7.1085,160
"434","braid",2,8.22224460424039,160
"435","braid",3,9.51048833536754,160
"436","braid",4,11.0005713440482,160
"437","braid",5,12.7241173773879,160
"438","braid",6,14.7177049236758,160
"439","braid",7,17.0236435106556,160
"440","braid",8,19.6908716325526,160
"441","paddle",1,4.316,162
"442","paddle",2,5.20549826317947,162
"443","paddle",3,6.27831607228094,162
"444","paddle",4,7.57223433965482,162
"445","paddle",5,9.13282036688163,162
"446","paddle",6,11.0150325666665,162
"447","paddle",7,13.2851559070083,162
"448","paddle",8,16.0231362372567,162
"449","trunk",1,4,163
"450","trunk",2,4.8760546168179,163
"451","trunk",3,5.94397715654779,163
"452","trunk",4,7.24578931411125,163
"453","trunk",5,8.8327161093905,163
"454","trunk",6,10.7672015410588,163
"455","trunk",7,13.1253656961222,163
"456","trunk",8,16,163
"457","canvas",1,4,164
"458","canvas",2,4.8760546168179,164
"459","canvas",3,5.94397715654779,164
"460","canvas",4,7.24578931411125,164
"461","canvas",5,8.8327161093905,164
"462","canvas",6,10.7672015410588,164
"463","canvas",7,13.1253656961222,164
"464","canvas",8,16,164
"465","printer",1,4.9095,165
"466","printer",2,6.2651978927526,165
"467","printer",3,7.99525504335506,165
"468","printer",4,10.2030461451569,165
"469","printer",5,13.0204915385059,165
"470","printer",6,16.6159397392097,165
"471","printer",7,21.204226630044,165
"472","printer",8,27.0595123739688,165
"473","stopwatch",1,4,166
"474","stopwatch",2,4.8760546168179,166
"475","stopwatch",3,5.94397715654779,166
"476","stopwatch",4,7.24578931411125,166
"477","stopwatch",5,8.8327161093905,166
"478","stopwatch",6,10.7672015410588,166
"479","stopwatch",7,13.1253656961222,166
"480","stopwatch",8,16,166
"481","comb",1,4.329,167
"482","comb",2,5.21902158849533,167
"483","comb",3,6.29202733683999,167
"484","comb",4,7.58563790860953,167
"485","comb",5,9.14520859495073,167
"486","comb",6,11.0254195168263,167
"487","comb",7,13.2921927651961,167
"488","comb",8,16.0250036960037,167
"489","compass",1,4.5895,168
"490","compass",2,5.71090208356611,168
"491","compass",3,7.10630844494602,168
"492","compass",4,8.8426695075075,168
"493","compass",5,11.0032944143613,168
"494","compass",6,13.6918481309657,168
"495","compass",7,17.0373252029639,168
"496","compass",8,21.2002388059702,168
"497","patch",1,4,169
"498","patch",2,4.8760546168179,169
"499","patch",3,5.94397715654779,169
"500","patch",4,7.24578931411125,169
"501","patch",5,8.8327161093905,169
"502","patch",6,10.7672015410588,169
"503","patch",7,13.1253656961222,169
"504","patch",8,16,169
"505","microscope",1,5.639,170
"506","microscope",2,6.57241410585035,170
"507","microscope",3,7.66033466550464,170
"508","microscope",4,8.92833687020698,170
"509","microscope",5,10.4062293292307,170
"510","microscope",6,12.1287548203848,170
"511","microscope",7,14.1364070345624,170
"512","microscope",8,16.4763825146302,170
"513","dresser",1,8.0045,171
"514","dresser",2,8.98716556252014,171
"515","dresser",3,10.0904672182082,171
"516","dresser",4,11.3292147533537,171
"517","dresser",5,12.7200360649304,171
"518","dresser",6,14.2816003593924,171
"519","dresser",7,16.0348687522777,171
"520","dresser",8,18.0033756324568,171
"521","combination_lock",1,10.4575,172
"522","combination_lock",2,12.4759645900184,172
"523","combination_lock",3,14.8840250969536,172
"524","combination_lock",4,17.7568797577374,172
"525","combination_lock",5,21.184241270547,172
"526","combination_lock",6,25.2731383177385,172
"527","combination_lock",7,30.1512578274676,172
"528","combination_lock",8,35.9709323452068,172
"529","ramp",1,4,173
"530","ramp",2,4.94576397627231,173
"531","ramp",3,6.11514532724822,173
"532","ramp",4,7.56101636729355,173
"533","ramp",5,9.34875059334145,173
"534","ramp",6,11.5591784769256,173
"535","ramp",7,14.2922421266203,173
"536","ramp",8,17.6715140625,173
"537","paperweight",1,4.329,174
"538","paperweight",2,5.47744117713889,174
"539","paperweight",3,6.93055251767537,174
"540","paperweight",4,8.76916002324755,174
"541","paperweight",5,11.0955320397913,174
"542","paperweight",6,14.0390677008585,174
"543","paperweight",7,17.7634944590721,174
"544","paperweight",8,22.475975051975,174
"545","baklava",1,5.639,175
"546","baklava",2,6.57241410585035,175
"547","baklava",3,7.66033466550464,175
"548","baklava",4,8.92833687020698,175
"549","baklava",5,10.4062293292307,175
"550","baklava",6,12.1287548203848,175
"551","baklava",7,14.1364070345624,175
"552","baklava",8,16.4763825146302,175
"553","scaffold",1,4,176
"554","scaffold",2,4.87683811107331,176
"555","scaffold",3,5.94588749040428,176
"556","scaffold",4,7.24928267933942,176
"557","scaffold",5,8.83839451213654,176
"558","scaffold",6,10.7758547993722,176
"559","scaffold",7,13.1380248412426,176
"560","scaffold",8,16.0180050625,176
"561","dirt_bike",1,6.515,177
"562","dirt_bike",2,7.46986839809308,177
"563","dirt_bike",3,8.56468670526932,177
"564","dirt_bike",4,9.81996662459849,177
"565","dirt_bike",5,11.2592261487977,177
"566","dirt_bike",6,12.9094301758844,177
"567","dirt_bike",7,14.8014957034886,177
"568","dirt_bike",8,16.970871066769,177
"569","chime",1,4.419,178
"570","chime",2,5.31258462401799,178
"571","chime",3,6.386864762922,178
"572","chime",4,7.67837961873312,178
"573","chime",5,9.23105713959146,178
"574","chime",6,11.0977081292657,178
"575","chime",7,13.3418224868469,178
"576","chime",8,16.0397286716452,178
"577","loom",1,4,180
"578","loom",2,4.8760546168179,180
"579","loom",3,5.94397715654779,180
"580","loom",4,7.24578931411125,180
"581","loom",5,8.8327161093905,180
"582","loom",6,10.7672015410588,180
"583","loom",7,13.1253656961222,180
"584","loom",8,16,180
"585","slingshot",1,4,181
"586","slingshot",2,4.94576397627231,181
"587","slingshot",3,6.11514532724822,181
"588","slingshot",4,7.56101636729355,181
"589","slingshot",5,9.34875059334145,181
"590","slingshot",6,11.5591784769256,181
"591","slingshot",7,14.2922421266203,181
"592","slingshot",8,17.6715140625,181
"593","wick",1,4,185
"594","wick",2,4.8760546168179,185
"595","wick",3,5.94397715654779,185
"596","wick",4,7.24578931411125,185
"597","wick",5,8.8327161093905,185
"598","wick",6,10.7672015410588,185
"599","wick",7,13.1253656961222,185
"600","wick",8,16,185
"601","pet_food",1,4,186
"602","pet_food",2,4.8760546168179,186
"603","pet_food",3,5.94397715654779,186
"604","pet_food",4,7.24578931411125,186
"605","pet_food",5,8.8327161093905,186
"606","pet_food",6,10.7672015410588,186
"607","pet_food",7,13.1253656961222,186
"608","pet_food",8,16,186
"609","stethoscope",1,5.7855,187
"610","stethoscope",2,6.72284244218372,187
"611","stethoscope",3,7.81204917508024,187
"612","stethoscope",4,9.077724614062,187
"613","stethoscope",5,10.5484594786746,187
"614","stethoscope",6,12.2574766369179,187
"615","stethoscope",7,14.2433815865089,187
"616","stethoscope",8,16.5510345259701,187
"617","chicken_wire",1,4,188
"618","chicken_wire",2,4.8760546168179,188
"619","chicken_wire",3,5.94397715654779,188
"620","chicken_wire",4,7.24578931411125,188
"621","chicken_wire",5,8.8327161093905,188
"622","chicken_wire",6,10.7672015410588,188
"623","chicken_wire",7,13.1253656961222,188
"624","chicken_wire",8,16,188
"625","comic_book",1,4,193
"626","comic_book",2,4.8760546168179,193
"627","comic_book",3,5.94397715654779,193
"628","comic_book",4,7.24578931411125,193
"629","comic_book",5,8.8327161093905,193
"630","comic_book",6,10.7672015410588,193
"631","comic_book",7,13.1253656961222,193
"632","comic_book",8,16,193
"633","sweater",1,4.9095,196
"634","sweater",2,5.82082727393373,196
"635","sweater",3,6.90131992116729,196
"636","sweater",4,8.1823793101686,196
"637","sweater",5,9.70123569697534,196
"638","sweater",6,11.5020302140368,196
"639","sweater",7,13.6370977035289,196
"640","sweater",8,16.1684876769529,196
"641","mug",1,9.105,198
"642","mug",2,10.1034032235817,198
"643","mug",3,11.2112857439078,198
"644","mug",4,12.4406524465122,198
"645","mug",5,13.8048246053324,198
"646","mug",6,15.3185842304772,198
"647","mug",7,16.9983342443614,198
"648","mug",8,18.8622762218561,198
"649","chalk",1,5.43,200
"650","chalk",2,6.35753754098576,200
"651","chalk",3,7.44351447238366,200
"652","chalk",4,8.71499497146407,200
"653","chalk",5,10.2036662432016,200
"654","chalk",6,11.9466282130467,200
"655","chalk",7,13.9873181128258,200
"656","chalk",8,16.3765930018416,200
"657","magnifying_glass",1,14.536,201
"658","magnifying_glass",2,15.5814577922709,201
"659","magnifying_glass",3,16.7021069711281,201
"660","magnifying_glass",4,17.9033554494101,201
"661","magnifying_glass",5,19.1910000877137,201
"662","magnifying_glass",6,20.5712546682841,201
"663","magnifying_glass",7,22.0507798808423,201
"664","magnifying_glass",8,23.6367154650523,201
"665","artichoke",1,7.838,202
"666","artichoke",2,10.2433237246159,202
"667","artichoke",3,13.3867926674252,202
"668","artichoke",4,17.4949286714404,202
"669","artichoke",5,22.8637685532825,202
"670","artichoke",6,29.8801968430677,202
"671","artichoke",7,39.0498251108431,202
"672","artichoke",8,51.033426894616,202
"673","hard_disk",1,9.63,204
"674","hard_disk",2,11.4886929012441,204
"675","hard_disk",3,13.706133393468,204
"676","hard_disk",4,16.3515635951237,204
"677","hard_disk",5,19.5075900934101,204
"678","hard_disk",6,23.2727634295473,204
"679","hard_disk",7,27.7646554522715,204
"680","hard_disk",8,33.1235306334372,204
"681","drumstick",1,4.226,205
"682","drumstick",2,6.37929829817034,205
"683","drumstick",3,9.62977917109298,205
"684","drumstick",4,14.5364964216539,205
"685","drumstick",5,21.9433617804108,205
"686","drumstick",6,33.1242902181521,205
"687","drumstick",7,50.0023019916607,205
"688","drumstick",8,75.4802650260294,205
"689","hula_hoop",1,7.838,206
"690","hula_hoop",2,8.81797768151158,206
"691","hula_hoop",3,9.92048104001484,206
"692","hula_hoop",4,11.160829344311,206
"693","hula_hoop",5,12.556257216802,206
"694","hula_hoop",6,14.1261541083285,206
"695","hula_hoop",7,15.8923337143191,206
"696","hula_hoop",8,17.8793370757847,206
"697","otter",1,11.831,207
"698","otter",2,13.7456965399176,207
"699","otter",3,15.9702623081314,207
"700","otter",4,18.5548456893295,207
"701","otter",5,21.5577109450191,207
"702","otter",6,25.0465516647361,207
"703","otter",7,29.1000167825907,207
"704","otter",8,33.8094835601386,207
"705","canister",1,6.379,208
"706","canister",2,8.07142853084918,208
"707","canister",3,10.212879531056,208
"708","canister",4,12.9224842810928,208
"709","canister",5,16.3509810810256,208
"710","canister",6,20.6891009883627,208
"711","canister",7,26.1781783970984,208
"712","canister",8,33.1235767361655,208
"713","basil",1,14.536,209
"714","basil",2,15.5814577922709,209
"715","basil",3,16.7021069711281,209
"716","basil",4,17.9033554494101,209
"717","basil",5,19.1910000877137,209
"718","basil",6,20.5712546682841,209
"719","basil",7,22.0507798808423,209
"720","basil",8,23.6367154650523,209
"721","sail",1,4,210
"722","sail",2,5.4528105540237,210
"723","sail",3,7.43328573451805,210
"724","sail",4,10.1330747260635,210
"725","sail",5,13.8134342027474,210
"726","sail",6,18.8305099520132,210
"727","sail",7,25.6698008509965,210
"728","sail",8,34.99314025,210
"729","mouse2",1,11.831,211
"730","mouse2",2,13.3083529901812,211
"731","mouse2",3,14.9701850487081,211
"732","mouse2",4,16.8395323266454,211
"733","mouse2",5,18.942307530434,211
"734","mouse2",6,21.3076591212563,211
"735","mouse2",7,23.9683753681121,211
"736","mouse2",8,26.961338855549,211
"737","wire",1,7.838,213
"738","wire",2,9.35072232604657,213
"739","wire",3,11.1553978079645,213
"740","wire",4,13.3083729700006,213
"741","wire",5,15.8768691316585,213
"742","wire",6,18.9410812269863,213
"743","wire",7,22.5966816928607,213
"744","wire",8,26.9578076039806,213
"745","granola",1,9.63,214
"746","granola",2,10.6348624749969,214
"747","granola",3,11.7445794249323,214
"748","granola",4,12.9700921091208,214
"749","granola",5,14.3234834754457,214
"750","granola",6,15.8180972922384,214
"751","granola",7,17.4686697112229,214
"752","granola",8,19.2914745586708,214
"753","walnut",1,4,215
"754","walnut",2,5.4528105540237,215
"755","walnut",3,7.43328573451805,215
"756","walnut",4,10.1330747260635,215
"757","walnut",5,13.8134342027474,215
"758","walnut",6,18.8305099520132,215
"759","walnut",7,25.6698008509965,215
"760","walnut",8,34.99314025,215
"761","toy",1,7.838,216
"762","toy",2,8.81797768151158,216
"763","toy",3,9.92048104001484,216
"764","toy",4,11.160829344311,216
"765","toy",5,12.556257216802,216
"766","toy",6,14.1261541083285,216
"767","toy",7,15.8923337143191,216
"768","toy",8,17.8793370757847,216
"769","thermos",1,6.379,217
"770","thermos",2,7.61028367752466,217
"771","thermos",3,9.07923148650231,217
"772","thermos",4,10.831717696535,217
"773","thermos",5,12.9224712941676,217
"774","thermos",6,15.4167851329808,217
"775","thermos",7,18.3925549862719,217
"776","thermos",8,21.9427121805926,217
"777","tongs",1,4,218
"778","tongs",2,6.13371039147435,218
"779","tongs",3,9.4056007916201,218
"780","tongs",4,14.4228078284049,218
"781","tongs",5,22.1163315628312,218
"782","tongs",6,33.9137931820574,218
"783","tongs",7,52.0043464137744,218
"784","tongs",8,79.7449,218
"785","scooter",1,7.838,219
"786","scooter",2,9.91741433575278,219
"787","scooter",3,12.5484954206424,219
"788","scooter",4,15.8775999460075,219
"789","scooter",5,20.0899129014905,219
"790","scooter",6,25.4197486875818,219
"791","scooter",7,32.1635851040389,219
"792","scooter",8,40.6965552436846,219
"793","tambourine",1,7.838,220
"794","tambourine",2,10.2433237246159,220
"795","tambourine",3,13.3867926674252,220
"796","tambourine",4,17.4949286714404,220
"797","tambourine",5,22.8637685532825,220
"798","tambourine",6,29.8801968430677,220
"799","tambourine",7,39.0498251108431,220
"800","tambourine",8,51.033426894616,220
"801","globe",1,7.838,221
"802","globe",2,10.2433237246159,221
"803","globe",3,13.3867926674252,221
"804","globe",4,17.4949286714404,221
"805","globe",5,22.8637685532825,221
"806","globe",6,29.8801968430677,221
"807","globe",7,39.0498251108431,221
"808","globe",8,51.033426894616,221
"809","quiche",1,9.63,224
"810","quiche",2,11.4886929012441,224
"811","quiche",3,13.706133393468,224
"812","quiche",4,16.3515635951237,224
"813","quiche",5,19.5075900934101,224
"814","quiche",6,23.2727634295473,224
"815","quiche",7,27.7646554522715,224
"816","quiche",8,33.1235306334372,224
"817","bread",1,5.192,226
"818","bread",2,6.56947862556008,226
"819","bread",3,8.31241321488651,226
"820","bread",4,10.5177621228852,226
"821","bread",5,13.3082075221533,226
"822","bread",6,16.8389801350739,226
"823","bread",7,21.3064946212633,226
"824","bread",8,26.9592760015408,226
"825","velcro",1,9.63,227
"826","velcro",2,11.8662381721704,227
"827","velcro",3,14.6217661847014,227
"828","velcro",4,18.017171344284,227
"829","velcro",5,22.2010432357298,227
"830","velcro",6,27.3564762934395,227
"831","velcro",7,33.7090823727194,227
"832","velcro",8,41.5368639667705,227
"833","bow1",1,9.63,228
"834","bow1",2,11.4886929012441,228
"835","bow1",3,13.706133393468,228
"836","bow1",4,16.3515635951237,228
"837","bow1",5,19.5075900934101,228
"838","bow1",6,23.2727634295473,228
"839","bow1",7,27.7646554522715,228
"840","bow1",8,33.1235306334372,228
"841","string_cheese",1,4,230
"842","string_cheese",2,4.8760546168179,230
"843","string_cheese",3,5.94397715654779,230
"844","string_cheese",4,7.24578931411125,230
"845","string_cheese",5,8.8327161093905,230
"846","string_cheese",6,10.7672015410588,230
"847","string_cheese",7,13.1253656961222,230
"848","string_cheese",8,16,230
"849","duster",1,5.192,231
"850","duster",2,6.96755593589076,231
"851","duster",3,9.35031504618001,231
"852","duster",4,12.5479281784399,231
"853","duster",5,16.8390584481549,231
"854","duster",6,22.5976659563276,231
"855","duster",7,30.3255973750553,231
"856","duster",8,40.6963204930662,231
"857","dreidel",1,6.379,232
"858","dreidel",2,8.07142853084918,232
"859","dreidel",3,10.212879531056,232
"860","dreidel",4,12.9224842810928,232
"861","dreidel",5,16.3509810810256,232
"862","dreidel",6,20.6891009883627,232
"863","dreidel",7,26.1781783970984,232
"864","dreidel",8,33.1235767361655,232
"865","broom",1,4,235
"866","broom",2,5.4528105540237,235
"867","broom",3,7.43328573451805,235
"868","broom",4,10.1330747260635,235
"869","broom",5,13.8134342027474,235
"870","broom",6,18.8305099520132,235
"871","broom",7,25.6698008509965,235
"872","broom",8,34.99314025,235
"873","flipper",1,4.226,240
"874","flipper",2,6.014778146978,240
"875","flipper",3,8.56070898186563,240
"876","flipper",4,12.1842795330723,240
"877","flipper",5,17.3416323407939,240
"878","flipper",6,24.6819856214704,240
"879","flipper",7,35.1293581968872,240
"880","flipper",8,49.9988868906767,240
"881","bedpan",1,4,242
"882","bedpan",2,4.8760546168179,242
"883","bedpan",3,5.94397715654779,242
"884","bedpan",4,7.24578931411125,242
"885","bedpan",5,8.8327161093905,242
"886","bedpan",6,10.7672015410588,242
"887","bedpan",7,13.1253656961222,242
"888","bedpan",8,16,242
"889","nightshirt",1,4,243
"890","nightshirt",2,4.8760546168179,243
"891","nightshirt",3,5.94397715654779,243
"892","nightshirt",4,7.24578931411125,243
"893","nightshirt",5,8.8327161093905,243
"894","nightshirt",6,10.7672015410588,243
"895","nightshirt",7,13.1253656961222,243
"896","nightshirt",8,16,243
"897","peeler",1,6.379,244
"898","peeler",2,8.07142853084918,244
"899","peeler",3,10.212879531056,244
"900","peeler",4,12.9224842810928,244
"901","peeler",5,16.3509810810256,244
"902","peeler",6,20.6891009883627,244
"903","peeler",7,26.1781783970984,244
"904","peeler",8,33.1235767361655,244
"905","slot",1,4.226,245
"906","slot",2,6.014778146978,245
"907","slot",3,8.56070898186563,245
"908","slot",4,12.1842795330723,245
"909","slot",5,17.3416323407939,245
"910","slot",6,24.6819856214704,245
"911","slot",7,35.1293581968872,245
"912","slot",8,49.9988868906767,245
"913","inhaler",1,4,246
"914","inhaler",2,5.4528105540237,246
"915","inhaler",3,7.43328573451805,246
"916","inhaler",4,10.1330747260635,246
"917","inhaler",5,13.8134342027474,246
"918","inhaler",6,18.8305099520132,246
"919","inhaler",7,25.6698008509965,246
"920","inhaler",8,34.99314025,246
"921","clam",1,6.379,248
"922","clam",2,7.33083481199326,248
"923","clam",3,8.42469651053963,248
"924","clam",4,9.6817774666785,248
"925","clam",5,11.1264322456026,248
"926","clam",6,12.7866494496547,248
"927","clam",7,14.6945939668104,248
"928","clam",8,16.8872301301144,248
"929","grill",1,6.379,249
"930","grill",2,7.33083481199326,249
"931","grill",3,8.42469651053963,249
"932","grill",4,9.6817774666785,249
"933","grill",5,11.1264322456026,249
"934","grill",6,12.7866494496547,249
"935","grill",7,14.6945939668104,249
"936","grill",8,16.8872301301144,249
"937","match",1,4,252
"938","match",2,5.14137087461895,252
"939","match",3,6.608423617595,252
"940","match",4,8.49408917866173,252
"941","match",5,10.9178156773969,252
"942","match",6,14.0331348845566,252
"943","match",7,18.0373877437646,252
"944","match",8,23.184225,252
"945","branch",1,4,253
"946","branch",2,5.4528105540237,253
"947","branch",3,7.43328573451805,253
"948","branch",4,10.1330747260635,253
"949","branch",5,13.8134342027474,253
"950","branch",6,18.8305099520132,253
"951","branch",7,25.6698008509965,253
"952","branch",8,34.99314025,253
"953","keg",1,4,254
"954","keg",2,5.4528105540237,254
"955","keg",3,7.43328573451805,254
"956","keg",4,10.1330747260635,254
"957","keg",5,13.8134342027474,254
"958","keg",6,18.8305099520132,254
"959","keg",7,25.6698008509965,254
"960","keg",8,34.99314025,254
"961","scone",1,4.226,255
"962","scone",2,5.34722645469336,255
"963","scone",3,6.76593250302236,255
"964","scone",4,8.56104431396847,255
"965","scone",5,10.8324284513617,255
"966","scone",6,13.7064477008268,255
"967","scone",7,17.3429909478779,255
"968","scone",8,21.9443681968765,255
"969","nail_polish",1,4,256
"970","nail_polish",2,5.78322340454172,256
"971","nail_polish",3,8.36141823670977,256
"972","nail_polish",4,12.0889874104255,256
"973","nail_polish",5,17.4783287322957,256
"974","nail_polish",6,25.2702699492216,256
"975","nail_polish",7,36.5359041523564,256
"976","nail_polish",8,52.823824,256
"977","ravioli",1,4,257
"978","ravioli",2,5.4528105540237,257
"979","ravioli",3,7.43328573451805,257
"980","ravioli",4,10.1330747260635,257
"981","ravioli",5,13.8134342027474,257
"982","ravioli",6,18.8305099520132,257
"983","ravioli",7,25.6698008509965,257
"984","ravioli",8,34.99314025,257
"985","paper_bag",1,4,258
"986","paper_bag",2,4.8760546168179,258
"987","paper_bag",3,5.94397715654779,258
"988","paper_bag",4,7.24578931411125,258
"989","paper_bag",5,8.8327161093905,258
"990","paper_bag",6,10.7672015410588,258
"991","paper_bag",7,13.1253656961222,258
"992","paper_bag",8,16,258
"993","cleat",1,6.379,259
"994","cleat",2,7.33083481199326,259
"995","cleat",3,8.42469651053963,259
"996","cleat",4,9.6817774666785,259
"997","cleat",5,11.1264322456026,259
"998","cleat",6,12.7866494496547,259
"999","cleat",7,14.6945939668104,259
"1000","cleat",8,16.8872301301144,259
"1001","waffle_iron",1,4.226,261
"1002","waffle_iron",2,5.11181328108072,261
"1003","waffle_iron",3,6.18330218188198,261
"1004","waffle_iron",4,7.47938623149071,261
"1005","waffle_iron",5,9.04714289457324,261
"1006","waffle_iron",6,10.9435175589954,261
"1007","waffle_iron",7,13.2373919545227,261
"1008","waffle_iron",8,16.0120861334595,261
"1009","flamingo",1,16,263
"1010","flamingo",2,17.0533049322707,263
"1011","flamingo",3,18.1759505695631,263
"1012","flamingo",4,19.37250171854,263
"1013","flamingo",5,20.6478236942,263
"1014","flamingo",6,22.0071021028099,263
"1015","flamingo",7,23.4558639271771,263
"1016","flamingo",8,25,263
"1017","nightstand",1,9.63,264
"1018","nightstand",2,10.8322162987054,264
"1019","nightstand",3,12.1845181663488,264
"1020","nightstand",4,13.7056423959913,264
"1021","nightstand",5,15.4166648957513,264
"1022","nightstand",6,17.3412927056529,264
"1023","nightstand",7,19.5061924700721,264
"1024","nightstand",8,21.9413599169263,264
"1025","elbow",1,4.226,265
"1026","elbow",2,5.67113588145256,265
"1027","elbow",3,7.61045484758606,265
"1028","elbow",4,10.2129492570563,265
"1029","elbow",5,13.7054006121974,265
"1030","elbow",6,18.3921413112907,265
"1031","elbow",7,24.6815741900631,265
"1032","elbow",8,33.1217607666824,265
"1033","vending_machine",1,4.226,266
"1034","vending_machine",2,5.34722645469336,266
"1035","vending_machine",3,6.76593250302236,266
"1036","vending_machine",4,8.56104431396847,266
"1037","vending_machine",5,10.8324284513617,266
"1038","vending_machine",6,13.7064477008268,266
"1039","vending_machine",7,17.3429909478779,266
"1040","vending_machine",8,21.9443681968765,266
"1041","riser",1,4,267
"1042","riser",2,4.8760546168179,267
"1043","riser",3,5.94397715654779,267
"1044","riser",4,7.24578931411125,267
"1045","riser",5,8.8327161093905,267
"1046","riser",6,10.7672015410588,267
"1047","riser",7,13.1253656961222,267
"1048","riser",8,16,267
"1049","juicer1",1,7.838,268
"1050","juicer1",2,9.35072232604657,268
"1051","juicer1",3,11.1553978079645,268
"1052","juicer1",4,13.3083729700006,268
"1053","juicer1",5,15.8768691316585,268
"1054","juicer1",6,18.9410812269863,268
"1055","juicer1",7,22.5966816928607,268
"1056","juicer1",8,26.9578076039806,268
"1057","gurney",1,4,269
"1058","gurney",2,5.78322340454172,269
"1059","gurney",3,8.36141823670977,269
"1060","gurney",4,12.0889874104255,269
"1061","gurney",5,17.4783287322957,269
"1062","gurney",6,25.2702699492216,269
"1063","gurney",7,36.5359041523564,269
"1064","gurney",8,52.823824,269
"1065","cauliflower",1,4.226,271
"1066","cauliflower",2,5.34722645469336,271
"1067","cauliflower",3,6.76593250302236,271
"1068","cauliflower",4,8.56104431396847,271
"1069","cauliflower",5,10.8324284513617,271
"1070","cauliflower",6,13.7064477008268,271
"1071","cauliflower",7,17.3429909478779,271
"1072","cauliflower",8,21.9443681968765,271
"1073","water_heater",1,6.379,273
"1074","water_heater",2,7.33083481199326,273
"1075","water_heater",3,8.42469651053963,273
"1076","water_heater",4,9.6817774666785,273
"1077","water_heater",5,11.1264322456026,273
"1078","water_heater",6,12.7866494496547,273
"1079","water_heater",7,14.6945939668104,273
"1080","water_heater",8,16.8872301301144,273
"1081","belt",1,5.192,276
"1082","belt",2,6.56947862556008,276
"1083","belt",3,8.31241321488651,276
"1084","belt",4,10.5177621228852,276
"1085","belt",5,13.3082075221533,276
"1086","belt",6,16.8389801350739,276
"1087","belt",7,21.3064946212633,276
"1088","belt",8,26.9592760015408,276
"1089","log",1,5.192,277
"1090","log",2,6.19425995681484,277
"1091","log",3,7.38999545697222,277
"1092","log",4,8.81655488061761,277
"1093","log",5,10.5184963124172,277
"1094","log",6,12.5489792977485,277
"1095","log",7,14.9714252625081,277
"1096","log",8,17.861498459168,277
"1097","paper_towel",1,6.379,278
"1098","paper_towel",2,7.61028367752466,278
"1099","paper_towel",3,9.07923148650231,278
"1100","paper_towel",4,10.831717696535,278
"1101","paper_towel",5,12.9224712941676,278
"1102","paper_towel",6,15.4167851329808,278
"1103","paper_towel",7,18.3925549862719,278
"1104","paper_towel",8,21.9427121805926,278
"1105","blower",1,5.192,279
"1106","blower",2,6.11242227961557,279
"1107","blower",3,7.19601427664499,279
"1108","blower",4,8.47170223208716,279
"1109","blower",5,9.97354034469925,279
"1110","blower",6,11.7416198400586,279
"1111","blower",7,13.8231391966777,279
"1112","blower",8,16.2736640986133,279
"1113","vegetable",1,4.226,280
"1114","vegetable",2,5.11181328108072,280
"1115","vegetable",3,6.18330218188198,280
"1116","vegetable",4,7.47938623149071,280
"1117","vegetable",5,9.04714289457324,280
"1118","vegetable",6,10.9435175589954,280
"1119","vegetable",7,13.2373919545227,280
"1120","vegetable",8,16.0120861334595,280
"1121","hairnet",1,4,281
"1122","hairnet",2,6.33527843506632,281
"1123","hairnet",3,10.0339382124541,281
"1124","hairnet",4,15.891948094037,281
"1125","hairnet",5,25.1699790128365,281
"1126","hairnet",6,39.8647063127738,281
"1127","hairnet",7,63.1385035558919,281
"1128","hairnet",8,100,281
"1129","patty",1,4,282
"1130","patty",2,6.13371039147435,282
"1131","patty",3,9.4056007916201,282
"1132","patty",4,14.4228078284049,282
"1133","patty",5,22.1163315628312,282
"1134","patty",6,33.9137931820574,282
"1135","patty",7,52.0043464137744,282
"1136","patty",8,79.7449,282
"1137","dogfood",1,7.838,283
"1138","dogfood",2,9.91741433575278,283
"1139","dogfood",3,12.5484954206424,283
"1140","dogfood",4,15.8775999460075,283
"1141","dogfood",5,20.0899129014905,283
"1142","dogfood",6,25.4197486875818,283
"1143","dogfood",7,32.1635851040389,283
"1144","dogfood",8,40.6965552436846,283
"1145","pineapple",1,7.838,284
"1146","pineapple",2,9.35072232604657,284
"1147","pineapple",3,11.1553978079645,284
"1148","pineapple",4,13.3083729700006,284
"1149","pineapple",5,15.8768691316585,284
"1150","pineapple",6,18.9410812269863,284
"1151","pineapple",7,22.5966816928607,284
"1152","pineapple",8,26.9578076039806,284
"1153","ginger",1,5.192,286
"1154","ginger",2,6.96755593589076,286
"1155","ginger",3,9.35031504618001,286
"1156","ginger",4,12.5479281784399,286
"1157","ginger",5,16.8390584481549,286
"1158","ginger",6,22.5976659563276,286
"1159","ginger",7,30.3255973750553,286
"1160","ginger",8,40.6963204930662,286
"1161","spout",1,4,288
"1162","spout",2,4.8760546168179,288
"1163","spout",3,5.94397715654779,288
"1164","spout",4,7.24578931411125,288
"1165","spout",5,8.8327161093905,288
"1166","spout",6,10.7672015410588,288
"1167","spout",7,13.1253656961222,288
"1168","spout",8,16,288
"1169","rhubarb",1,7.838,289
"1170","rhubarb",2,9.35072232604657,289
"1171","rhubarb",3,11.1553978079645,289
"1172","rhubarb",4,13.3083729700006,289
"1173","rhubarb",5,15.8768691316585,289
"1174","rhubarb",6,18.9410812269863,289
"1175","rhubarb",7,22.5966816928607,289
"1176","rhubarb",8,26.9578076039806,289
"1177","doily",1,4,290
"1178","doily",2,6.33527843506632,290
"1179","doily",3,10.0339382124541,290
"1180","doily",4,15.891948094037,290
"1181","doily",5,25.1699790128365,290
"1182","doily",6,39.8647063127738,290
"1183","doily",7,63.1385035558919,290
"1184","doily",8,100,290
"1185","teapot",1,6.379,291
"1186","teapot",2,8.56059010530916,291
"1187","teapot",3,11.4882744867718,291
"1188","teapot",4,15.4172141242411,291
"1189","teapot",5,20.6898339368884,291
"1190","teapot",6,27.7656666688536,291
"1191","teapot",7,37.2614032532843,291
"1192","teapot",8,50.0046402257407,291
"1193","dishrag",1,4,292
"1194","dishrag",2,5.14137087461895,292
"1195","dishrag",3,6.608423617595,292
"1196","dishrag",4,8.49408917866173,292
"1197","dishrag",5,10.9178156773969,292
"1198","dishrag",6,14.0331348845566,292
"1199","dishrag",7,18.0373877437646,292
"1200","dishrag",8,23.184225,292
"1201","brace",1,4,293
"1202","brace",2,5.78322340454172,293
"1203","brace",3,8.36141823670977,293
"1204","brace",4,12.0889874104255,293
"1205","brace",5,17.4783287322957,293
"1206","brace",6,25.2702699492216,293
"1207","brace",7,36.5359041523564,293
"1208","brace",8,52.823824,293
"1209","sardine",1,4,294
"1210","sardine",2,5.14137087461895,294
"1211","sardine",3,6.608423617595,294
"1212","sardine",4,8.49408917866173,294
"1213","sardine",5,10.9178156773969,294
"1214","sardine",6,14.0331348845566,294
"1215","sardine",7,18.0373877437646,294
"1216","sardine",8,23.184225,294
"1217","dough",1,7.838,295
"1218","dough",2,8.81797768151158,295
"1219","dough",3,9.92048104001484,295
"1220","dough",4,11.160829344311,295
"1221","dough",5,12.556257216802,295
"1222","dough",6,14.1261541083285,295
"1223","dough",7,15.8923337143191,295
"1224","dough",8,17.8793370757847,295
"1225","washboard",1,7.838,296
"1226","washboard",2,9.35072232604657,296
"1227","washboard",3,11.1553978079645,296
"1228","washboard",4,13.3083729700006,296
"1229","washboard",5,15.8768691316585,296
"1230","washboard",6,18.9410812269863,296
"1231","washboard",7,22.5966816928607,296
"1232","washboard",8,26.9578076039806,296
"1233","doormat",1,4,297
"1234","doormat",2,5.4528105540237,297
"1235","doormat",3,7.43328573451805,297
"1236","doormat",4,10.1330747260635,297
"1237","doormat",5,13.8134342027474,297
"1238","doormat",6,18.8305099520132,297
"1239","doormat",7,25.6698008509965,297
"1240","doormat",8,34.99314025,297
"1241","rickshaw",1,4,298
"1242","rickshaw",2,5.78322340454172,298
"1243","rickshaw",3,8.36141823670977,298
"1244","rickshaw",4,12.0889874104255,298
"1245","rickshaw",5,17.4783287322957,298
"1246","rickshaw",6,25.2702699492216,298
"1247","rickshaw",7,36.5359041523564,298
"1248","rickshaw",8,52.823824,298
"1249","plastic_film",1,5.319,300
"1250","plastic_film",2,6.24327771252065,300
"1251","plastic_film",3,7.32816630864018,300
"1252","plastic_film",4,8.60157499311487,300
"1253","plastic_film",5,10.0962627274091,300
"1254","plastic_film",6,11.8506809674349,300
"1255","plastic_film",7,13.9099628430493,300
"1256","plastic_film",8,16.3270842263583,300
"1257","belt_buckle",1,4,303
"1258","belt_buckle",2,5.1767597719809,303
"1259","belt_buckle",3,6.69971043419995,303
"1260","belt_buckle",4,8.67069786492175,303
"1261","belt_buckle",5,11.2215299755319,303
"1262","belt_buckle",6,14.5227912393529,303
"1263","belt_buckle",7,18.7952503661897,303
"1264","belt_buckle",8,24.324624,303
"1265","window",1,6.515,305
"1266","window",2,7.46986839809308,305
"1267","window",3,8.56468670526932,305
"1268","window",4,9.81996662459849,305
"1269","window",5,11.2592261487977,305
"1270","window",6,12.9094301758844,305
"1271","window",7,14.8014957034886,305
"1272","window",8,16.970871066769,305
"1273","grapevine",1,4.226,308
"1274","grapevine",2,6.014778146978,308
"1275","grapevine",3,8.56070898186563,308
"1276","grapevine",4,12.1842795330723,308
"1277","grapevine",5,17.3416323407939,308
"1278","grapevine",6,24.6819856214704,308
"1279","grapevine",7,35.1293581968872,308
"1280","grapevine",8,49.9988868906767,308
"1281","seesaw",1,4,309
"1282","seesaw",2,4.8760546168179,309
"1283","seesaw",3,5.94397715654779,309
"1284","seesaw",4,7.24578931411125,309
"1285","seesaw",5,8.8327161093905,309
"1286","seesaw",6,10.7672015410588,309
"1287","seesaw",7,13.1253656961222,309
"1288","seesaw",8,16,309
"1289","bumper",1,5.192,311
"1290","bumper",2,6.11242227961557,311
"1291","bumper",3,7.19601427664499,311
"1292","bumper",4,8.47170223208716,311
"1293","bumper",5,9.97354034469925,311
"1294","bumper",6,11.7416198400586,311
"1295","bumper",7,13.8231391966777,311
"1296","bumper",8,16.2736640986133,311
"1297","doorstop",1,4,312
"1298","doorstop",2,4.8760546168179,312
"1299","doorstop",3,5.94397715654779,312
"1300","doorstop",4,7.24578931411125,312
"1301","doorstop",5,8.8327161093905,312
"1302","doorstop",6,10.7672015410588,312
"1303","doorstop",7,13.1253656961222,312
"1304","doorstop",8,16,312
"1305","canoe",1,4.226,314
"1306","canoe",2,5.11181328108072,314
"1307","canoe",3,6.18330218188198,314
"1308","canoe",4,7.47938623149071,314
"1309","canoe",5,9.04714289457324,314
"1310","canoe",6,10.9435175589954,314
"1311","canoe",7,13.2373919545227,314
"1312","canoe",8,16.0120861334595,314
"1313","stamp2",1,4,315
"1314","stamp2",2,5.14137087461895,315
"1315","stamp2",3,6.608423617595,315
"1316","stamp2",4,8.49408917866173,315
"1317","stamp2",5,10.9178156773969,315
"1318","stamp2",6,14.0331348845566,315
"1319","stamp2",7,18.0373877437646,315
"1320","stamp2",8,23.184225,315
"1321","clothespin",1,5.192,317
"1322","clothespin",2,6.11242227961557,317
"1323","clothespin",3,7.19601427664499,317
"1324","clothespin",4,8.47170223208716,317
"1325","clothespin",5,9.97354034469925,317
"1326","clothespin",6,11.7416198400586,317
"1327","clothespin",7,13.8231391966777,317
"1328","clothespin",8,16.2736640986133,317
"1329","jar",1,4,318
"1330","jar",2,4.8760546168179,318
"1331","jar",3,5.94397715654779,318
"1332","jar",4,7.24578931411125,318
"1333","jar",5,8.8327161093905,318
"1334","jar",6,10.7672015410588,318
"1335","jar",7,13.1253656961222,318
"1336","jar",8,16,318
"1337","exhaust_pipe",1,7.838,319
"1338","exhaust_pipe",2,10.2433237246159,319
"1339","exhaust_pipe",3,13.3867926674252,319
"1340","exhaust_pipe",4,17.4949286714404,319
"1341","exhaust_pipe",5,22.8637685532825,319
"1342","exhaust_pipe",6,29.8801968430677,319
"1343","exhaust_pipe",7,39.0498251108431,319
"1344","exhaust_pipe",8,51.033426894616,319
"1345","station_wagon",1,6.379,320
"1346","station_wagon",2,7.33083481199326,320
"1347","station_wagon",3,8.42469651053963,320
"1348","station_wagon",4,9.6817774666785,320
"1349","station_wagon",5,11.1264322456026,320
"1350","station_wagon",6,12.7866494496547,320
"1351","station_wagon",7,14.6945939668104,320
"1352","station_wagon",8,16.8872301301144,320
"1353","cd_player",1,4.226,321
"1354","cd_player",2,5.11181328108072,321
"1355","cd_player",3,6.18330218188198,321
"1356","cd_player",4,7.47938623149071,321
"1357","cd_player",5,9.04714289457324,321
"1358","cd_player",6,10.9435175589954,321
"1359","cd_player",7,13.2373919545227,321
"1360","cd_player",8,16.0120861334595,321
"1361","taffy",1,4,322
"1362","taffy",2,4.8760546168179,322
"1363","taffy",3,5.94397715654779,322
"1364","taffy",4,7.24578931411125,322
"1365","taffy",5,8.8327161093905,322
"1366","taffy",6,10.7672015410588,322
"1367","taffy",7,13.1253656961222,322
"1368","taffy",8,16,322
"1369","statue",1,4.226,323
"1370","statue",2,5.11181328108072,323
"1371","statue",3,6.18330218188198,323
"1372","statue",4,7.47938623149071,323
"1373","statue",5,9.04714289457324,323
"1374","statue",6,10.9435175589954,323
"1375","statue",7,13.2373919545227,323
"1376","statue",8,16.0120861334595,323
"1377","centerpiece",1,4,324
"1378","centerpiece",2,4.8760546168179,324
"1379","centerpiece",3,5.94397715654779,324
"1380","centerpiece",4,7.24578931411125,324
"1381","centerpiece",5,8.8327161093905,324
"1382","centerpiece",6,10.7672015410588,324
"1383","centerpiece",7,13.1253656961222,324
"1384","centerpiece",8,16,324
"1385","pita",1,4,325
"1386","pita",2,4.8760546168179,325
"1387","pita",3,5.94397715654779,325
"1388","pita",4,7.24578931411125,325
"1389","pita",5,8.8327161093905,325
"1390","pita",6,10.7672015410588,325
"1391","pita",7,13.1253656961222,325
"1392","pita",8,16,325
"1393","poster",1,4,326
"1394","poster",2,4.8760546168179,326
"1395","poster",3,5.94397715654779,326
"1396","poster",4,7.24578931411125,326
"1397","poster",5,8.8327161093905,326
"1398","poster",6,10.7672015410588,326
"1399","poster",7,13.1253656961222,326
"1400","poster",8,16,326
"1401","earplug",1,4.226,327
"1402","earplug",2,5.11181328108072,327
"1403","earplug",3,6.18330218188198,327
"1404","earplug",4,7.47938623149071,327
"1405","earplug",5,9.04714289457324,327
"1406","earplug",6,10.9435175589954,327
"1407","earplug",7,13.2373919545227,327
"1408","earplug",8,16.0120861334595,327
"1409","bank",1,4,329
"1410","bank",2,4.8760546168179,329
"1411","bank",3,5.94397715654779,329
"1412","bank",4,7.24578931411125,329
"1413","bank",5,8.8327161093905,329
"1414","bank",6,10.7672015410588,329
"1415","bank",7,13.1253656961222,329
"1416","bank",8,16,329
"1417","typewriter",1,6.379,333
"1418","typewriter",2,7.33083481199326,333
"1419","typewriter",3,8.42469651053963,333
"1420","typewriter",4,9.6817774666785,333
"1421","typewriter",5,11.1264322456026,333
"1422","typewriter",6,12.7866494496547,333
"1423","typewriter",7,14.6945939668104,333
"1424","typewriter",8,16.8872301301144,333
"1425","soup",1,5.192,335
"1426","soup",2,6.19425995681484,335
"1427","soup",3,7.38999545697222,335
"1428","soup",4,8.81655488061761,335
"1429","soup",5,10.5184963124172,335
"1430","soup",6,12.5489792977485,335
"1431","soup",7,14.9714252625081,335
"1432","soup",8,17.861498459168,335
"1433","tree_trunk",1,4,339
"1434","tree_trunk",2,4.8760546168179,339
"1435","tree_trunk",3,5.94397715654779,339
"1436","tree_trunk",4,7.24578931411125,339
"1437","tree_trunk",5,8.8327161093905,339
"1438","tree_trunk",6,10.7672015410588,339
"1439","tree_trunk",7,13.1253656961222,339
"1440","tree_trunk",8,16,339
"1441","speedometer",1,4,340
"1442","speedometer",2,4.8760546168179,340
"1443","speedometer",3,5.94397715654779,340
"1444","speedometer",4,7.24578931411125,340
"1445","speedometer",5,8.8327161093905,340
"1446","speedometer",6,10.7672015410588,340
"1447","speedometer",7,13.1253656961222,340
"1448","speedometer",8,16,340
"1449","spatula",1,6.379,342
"1450","spatula",2,7.33083481199326,342
"1451","spatula",3,8.42469651053963,342
"1452","spatula",4,9.6817774666785,342
"1453","spatula",5,11.1264322456026,342
"1454","spatula",6,12.7866494496547,342
"1455","spatula",7,14.6945939668104,342
"1456","spatula",8,16.8872301301144,342
"1457","light_switch",1,4,343
"1458","light_switch",2,4.8760546168179,343
"1459","light_switch",3,5.94397715654779,343
"1460","light_switch",4,7.24578931411125,343
"1461","light_switch",5,8.8327161093905,343
"1462","light_switch",6,10.7672015410588,343
"1463","light_switch",7,13.1253656961222,343
"1464","light_switch",8,16,343
"1465","dumbbell",1,4,344
"1466","dumbbell",2,4.8760546168179,344
"1467","dumbbell",3,5.94397715654779,344
"1468","dumbbell",4,7.24578931411125,344
"1469","dumbbell",5,8.8327161093905,344
"1470","dumbbell",6,10.7672015410588,344
"1471","dumbbell",7,13.1253656961222,344
"1472","dumbbell",8,16,344
"1473","engine",1,4,348
"1474","engine",2,4.8760546168179,348
"1475","engine",3,5.94397715654779,348
"1476","engine",4,7.24578931411125,348
"1477","engine",5,8.8327161093905,348
"1478","engine",6,10.7672015410588,348
"1479","engine",7,13.1253656961222,348
"1480","engine",8,16,348
"1481","fur_coat",1,4,352
"1482","fur_coat",2,4.8760546168179,352
"1483","fur_coat",3,5.94397715654779,352
"1484","fur_coat",4,7.24578931411125,352
"1485","fur_coat",5,8.8327161093905,352
"1486","fur_coat",6,10.7672015410588,352
"1487","fur_coat",7,13.1253656961222,352
"1488","fur_coat",8,16,352
"1489","hot_tub",1,4,353
"1490","hot_tub",2,4.8760546168179,353
"1491","hot_tub",3,5.94397715654779,353
"1492","hot_tub",4,7.24578931411125,353
"1493","hot_tub",5,8.8327161093905,353
"1494","hot_tub",6,10.7672015410588,353
"1495","hot_tub",7,13.1253656961222,353
"1496","hot_tub",8,16,353
"1497","pitcher",1,4,356
"1498","pitcher",2,4.8760546168179,356
"1499","pitcher",3,5.94397715654779,356
"1500","pitcher",4,7.24578931411125,356
"1501","pitcher",5,8.8327161093905,356
"1502","pitcher",6,10.7672015410588,356
"1503","pitcher",7,13.1253656961222,356
"1504","pitcher",8,16,356
"1505","penholder",1,4,357
"1506","penholder",2,4.8760546168179,357
"1507","penholder",3,5.94397715654779,357
"1508","penholder",4,7.24578931411125,357
"1509","penholder",5,8.8327161093905,357
"1510","penholder",6,10.7672015410588,357
"1511","penholder",7,13.1253656961222,357
"1512","penholder",8,16,357
"1513","crumb",1,4,359
"1514","crumb",2,4.8760546168179,359
"1515","crumb",3,5.94397715654779,359
"1516","crumb",4,7.24578931411125,359
"1517","crumb",5,8.8327161093905,359
"1518","crumb",6,10.7672015410588,359
"1519","crumb",7,13.1253656961222,359
"1520","crumb",8,16,359
"1521","grain",1,4,360
"1522","grain",2,5.14137087461895,360
"1523","grain",3,6.608423617595,360
"1524","grain",4,8.49408917866173,360
"1525","grain",5,10.9178156773969,360
"1526","grain",6,14.0331348845566,360
"1527","grain",7,18.0373877437646,360
"1528","grain",8,23.184225,360
"1529","paint",1,4,362
"1530","paint",2,4.8760546168179,362
"1531","paint",3,5.94397715654779,362
"1532","paint",4,7.24578931411125,362
"1533","paint",5,8.8327161093905,362
"1534","paint",6,10.7672015410588,362
"1535","paint",7,13.1253656961222,362
"1536","paint",8,16,362
"1537","shoelace",1,4,363
"1538","shoelace",2,4.8760546168179,363
"1539","shoelace",3,5.94397715654779,363
"1540","shoelace",4,7.24578931411125,363
"1541","shoelace",5,8.8327161093905,363
"1542","shoelace",6,10.7672015410588,363
"1543","shoelace",7,13.1253656961222,363
"1544","shoelace",8,16,363
"1545","ironing_board",1,4,364
"1546","ironing_board",2,4.8760546168179,364
"1547","ironing_board",3,5.94397715654779,364
"1548","ironing_board",4,7.24578931411125,364
"1549","ironing_board",5,8.8327161093905,364
"1550","ironing_board",6,10.7672015410588,364
"1551","ironing_board",7,13.1253656961222,364
"1552","ironing_board",8,16,364
"1553","sunroof",1,4.226,365
"1554","sunroof",2,5.11181328108072,365
"1555","sunroof",3,6.18330218188198,365
"1556","sunroof",4,7.47938623149071,365
"1557","sunroof",5,9.04714289457324,365
"1558","sunroof",6,10.9435175589954,365
"1559","sunroof",7,13.2373919545227,365
"1560","sunroof",8,16.0120861334595,365
"1561","saxophone",1,6.379,366
"1562","saxophone",2,7.33083481199326,366
"1563","saxophone",3,8.42469651053963,366
"1564","saxophone",4,9.6817774666785,366
"1565","saxophone",5,11.1264322456026,366
"1566","saxophone",6,12.7866494496547,366
"1567","saxophone",7,14.6945939668104,366
"1568","saxophone",8,16.8872301301144,366
"1569","pine_needle",1,4,367
"1570","pine_needle",2,4.8760546168179,367
"1571","pine_needle",3,5.94397715654779,367
"1572","pine_needle",4,7.24578931411125,367
"1573","pine_needle",5,8.8327161093905,367
"1574","pine_needle",6,10.7672015410588,367
"1575","pine_needle",7,13.1253656961222,367
"1576","pine_needle",8,16,367
"1577","key",1,4.226,368
"1578","key",2,5.11181328108072,368
"1579","key",3,6.18330218188198,368
"1580","key",4,7.47938623149071,368
"1581","key",5,9.04714289457324,368
"1582","key",6,10.9435175589954,368
"1583","key",7,13.2373919545227,368
"1584","key",8,16.0120861334595,368
"1585","fan",1,4,369
"1586","fan",2,4.8760546168179,369
"1587","fan",3,5.94397715654779,369
"1588","fan",4,7.24578931411125,369
"1589","fan",5,8.8327161093905,369
"1590","fan",6,10.7672015410588,369
"1591","fan",7,13.1253656961222,369
"1592","fan",8,16,369
"1593","touchpad",1,6.379,370
"1594","touchpad",2,7.33083481199326,370
"1595","touchpad",3,8.42469651053963,370
"1596","touchpad",4,9.6817774666785,370
"1597","touchpad",5,11.1264322456026,370
"1598","touchpad",6,12.7866494496547,370
"1599","touchpad",7,14.6945939668104,370
"1600","touchpad",8,16.8872301301144,370
"1601","ship",1,4,371
"1602","ship",2,4.8760546168179,371
"1603","ship",3,5.94397715654779,371
"1604","ship",4,7.24578931411125,371
"1605","ship",5,8.8327161093905,371
"1606","ship",6,10.7672015410588,371
"1607","ship",7,13.1253656961222,371
"1608","ship",8,16,371
"1609","rain_gauge",1,4,372
"1610","rain_gauge",2,4.8760546168179,372
"1611","rain_gauge",3,5.94397715654779,372
"1612","rain_gauge",4,7.24578931411125,372
"1613","rain_gauge",5,8.8327161093905,372
"1614","rain_gauge",6,10.7672015410588,372
"1615","rain_gauge",7,13.1253656961222,372
"1616","rain_gauge",8,16,372
"1617","leash",1,6.379,373
"1618","leash",2,7.33083481199326,373
"1619","leash",3,8.42469651053963,373
"1620","leash",4,9.6817774666785,373
"1621","leash",5,11.1264322456026,373
"1622","leash",6,12.7866494496547,373
"1623","leash",7,14.6945939668104,373
"1624","leash",8,16.8872301301144,373
"1625","defibrillator",1,4,377
"1626","defibrillator",2,4.8760546168179,377
"1627","defibrillator",3,5.94397715654779,377
"1628","defibrillator",4,7.24578931411125,377
"1629","defibrillator",5,8.8327161093905,377
"1630","defibrillator",6,10.7672015410588,377
"1631","defibrillator",7,13.1253656961222,377
"1632","defibrillator",8,16,377
"1633","pecan",1,4,378
"1634","pecan",2,4.8760546168179,378
"1635","pecan",3,5.94397715654779,378
"1636","pecan",4,7.24578931411125,378
"1637","pecan",5,8.8327161093905,378
"1638","pecan",6,10.7672015410588,378
"1639","pecan",7,13.1253656961222,378
"1640","pecan",8,16,378
"1641","jacket",1,4.226,383
"1642","jacket",2,5.11181328108072,383
"1643","jacket",3,6.18330218188198,383
"1644","jacket",4,7.47938623149071,383
"1645","jacket",5,9.04714289457324,383
"1646","jacket",6,10.9435175589954,383
"1647","jacket",7,13.2373919545227,383
"1648","jacket",8,16.0120861334595,383
"1649","camera2",1,6.379,385
"1650","camera2",2,7.33083481199326,385
"1651","camera2",3,8.42469651053963,385
"1652","camera2",4,9.6817774666785,385
"1653","camera2",5,11.1264322456026,385
"1654","camera2",6,12.7866494496547,385
"1655","camera2",7,14.6945939668104,385
"1656","camera2",8,16.8872301301144,385
"1657","clarinet",1,5.192,386
"1658","clarinet",2,6.11242227961557,386
"1659","clarinet",3,7.19601427664499,386
"1660","clarinet",4,8.47170223208716,386
"1661","clarinet",5,9.97354034469925,386
"1662","clarinet",6,11.7416198400586,386
"1663","clarinet",7,13.8231391966777,386
"1664","clarinet",8,16.2736640986133,386
"1665","fingerprint",1,4,387
"1666","fingerprint",2,4.8760546168179,387
"1667","fingerprint",3,5.94397715654779,387
"1668","fingerprint",4,7.24578931411125,387
"1669","fingerprint",5,8.8327161093905,387
"1670","fingerprint",6,10.7672015410588,387
"1671","fingerprint",7,13.1253656961222,387
"1672","fingerprint",8,16,387
"1673","videocassette",1,4,388
"1674","videocassette",2,4.8760546168179,388
"1675","videocassette",3,5.94397715654779,388
"1676","videocassette",4,7.24578931411125,388
"1677","videocassette",5,8.8327161093905,388
"1678","videocassette",6,10.7672015410588,388
"1679","videocassette",7,13.1253656961222,388
"1680","videocassette",8,16,388
"1681","gasket",1,4,389
"1682","gasket",2,4.8760546168179,389
"1683","gasket",3,5.94397715654779,389
"1684","gasket",4,7.24578931411125,389
"1685","gasket",5,8.8327161093905,389
"1686","gasket",6,10.7672015410588,389
"1687","gasket",7,13.1253656961222,389
"1688","gasket",8,16,389
"1689","cash_register",1,4,390
"1690","cash_register",2,4.8760546168179,390
"1691","cash_register",3,5.94397715654779,390
"1692","cash_register",4,7.24578931411125,390
"1693","cash_register",5,8.8327161093905,390
"1694","cash_register",6,10.7672015410588,390
"1695","cash_register",7,13.1253656961222,390
"1696","cash_register",8,16,390
"1697","chimney",1,4,391
"1698","chimney",2,4.8760546168179,391
"1699","chimney",3,5.94397715654779,391
"1700","chimney",4,7.24578931411125,391
"1701","chimney",5,8.8327161093905,391
"1702","chimney",6,10.7672015410588,391
"1703","chimney",7,13.1253656961222,391
"1704","chimney",8,16,391
"1705","polaroid",1,5.192,392
"1706","polaroid",2,6.11242227961557,392
"1707","polaroid",3,7.19601427664499,392
"1708","polaroid",4,8.47170223208716,392
"1709","polaroid",5,9.97354034469925,392
"1710","polaroid",6,11.7416198400586,392
"1711","polaroid",7,13.8231391966777,392
"1712","polaroid",8,16.2736640986133,392
"1713","kettle",1,6.379,395
"1714","kettle",2,7.33083481199326,395
"1715","kettle",3,8.42469651053963,395
"1716","kettle",4,9.6817774666785,395
"1717","kettle",5,11.1264322456026,395
"1718","kettle",6,12.7866494496547,395
"1719","kettle",7,14.6945939668104,395
"1720","kettle",8,16.8872301301144,395
"1721","airboat",1,5.192,396
"1722","airboat",2,6.11242227961557,396
"1723","airboat",3,7.19601427664499,396
"1724","airboat",4,8.47170223208716,396
"1725","airboat",5,9.97354034469925,396
"1726","airboat",6,11.7416198400586,396
"1727","airboat",7,13.8231391966777,396
"1728","airboat",8,16.2736640986133,396
"1729","mustard",1,4,397
"1730","mustard",2,4.8760546168179,397
"1731","mustard",3,5.94397715654779,397
"1732","mustard",4,7.24578931411125,397
"1733","mustard",5,8.8327161093905,397
"1734","mustard",6,10.7672015410588,397
"1735","mustard",7,13.1253656961222,397
"1736","mustard",8,16,397
"1737","wax_paper",1,4,398
"1738","wax_paper",2,4.8760546168179,398
"1739","wax_paper",3,5.94397715654779,398
"1740","wax_paper",4,7.24578931411125,398
"1741","wax_paper",5,8.8327161093905,398
"1742","wax_paper",6,10.7672015410588,398
"1743","wax_paper",7,13.1253656961222,398
"1744","wax_paper",8,16,398
"1745","hook1",1,4,399
"1746","hook1",2,4.8760546168179,399
"1747","hook1",3,5.94397715654779,399
"1748","hook1",4,7.24578931411125,399
"1749","hook1",5,8.8327161093905,399
"1750","hook1",6,10.7672015410588,399
"1751","hook1",7,13.1253656961222,399
"1752","hook1",8,16,399
"1753","noisemaker",1,5.639,400
"1754","noisemaker",2,6.57241410585035,400
"1755","noisemaker",3,7.66033466550464,400
"1756","noisemaker",4,8.92833687020698,400
"1757","noisemaker",5,10.4062293292307,400
"1758","noisemaker",6,12.1287548203848,400
"1759","noisemaker",7,14.1364070345624,400
"1760","noisemaker",8,16.4763825146302,400
"1761","viewfinder",1,9.63,401
"1762","viewfinder",2,11.4886929012441,401
"1763","viewfinder",3,13.706133393468,401
"1764","viewfinder",4,16.3515635951237,401
"1765","viewfinder",5,19.5075900934101,401
"1766","viewfinder",6,23.2727634295473,401
"1767","viewfinder",7,27.7646554522715,401
"1768","viewfinder",8,33.1235306334372,401
"1769","breadbox",1,7.838,402
"1770","breadbox",2,8.81797768151158,402
"1771","breadbox",3,9.92048104001484,402
"1772","breadbox",4,11.160829344311,402
"1773","breadbox",5,12.556257216802,402
"1774","breadbox",6,14.1261541083285,402
"1775","breadbox",7,15.8923337143191,402
"1776","breadbox",8,17.8793370757847,402
"1777","chip",1,4,405
"1778","chip",2,6.33527843506632,405
"1779","chip",3,10.0339382124541,405
"1780","chip",4,15.891948094037,405
"1781","chip",5,25.1699790128365,405
"1782","chip",6,39.8647063127738,405
"1783","chip",7,63.1385035558919,405
"1784","chip",8,100,405
"1785","hatbox",1,4.226,406
"1786","hatbox",2,6.014778146978,406
"1787","hatbox",3,8.56070898186563,406
"1788","hatbox",4,12.1842795330723,406
"1789","hatbox",5,17.3416323407939,406
"1790","hatbox",6,24.6819856214704,406
"1791","hatbox",7,35.1293581968872,406
"1792","hatbox",8,49.9988868906767,406
"1793","sandpaper",1,4,407
"1794","sandpaper",2,4.8760546168179,407
"1795","sandpaper",3,5.94397715654779,407
"1796","sandpaper",4,7.24578931411125,407
"1797","sandpaper",5,8.8327161093905,407
"1798","sandpaper",6,10.7672015410588,407
"1799","sandpaper",7,13.1253656961222,407
"1800","sandpaper",8,16,407
"1801","garbage_truck",1,5.192,409
"1802","garbage_truck",2,7.38981831716712,409
"1803","garbage_truck",3,10.5179920571531,409
"1804","garbage_truck",4,14.9703486833143,409
"1805","garbage_truck",5,21.3074262161662,409
"1806","garbage_truck",6,30.3270432480569,409
"1807","garbage_truck",7,43.1647418528526,409
"1808","garbage_truck",8,61.436748844376,409
"1809","cufflink",1,4.226,410
"1810","cufflink",2,6.58893693374059,410
"1811","cufflink",3,10.2730927394252,410
"1812","cufflink",4,16.0172172679936,410
"1813","cufflink",5,24.9731269363063,410
"1814","cufflink",6,38.9366678707099,410
"1815","cufflink",7,60.7078203999317,410
"1816","cufflink",8,94.6521533364884,410
"1817","lanyard",1,5.192,411
"1818","lanyard",2,6.11242227961557,411
"1819","lanyard",3,7.19601427664499,411
"1820","lanyard",4,8.47170223208716,411
"1821","lanyard",5,9.97354034469925,411
"1822","lanyard",6,11.7416198400586,411
"1823","lanyard",7,13.8231391966777,411
"1824","lanyard",8,16.2736640986133,411
"1825","pill",1,5.192,412
"1826","pill",2,6.11242227961557,412
"1827","pill",3,7.19601427664499,412
"1828","pill",4,8.47170223208716,412
"1829","pill",5,9.97354034469925,412
"1830","pill",6,11.7416198400586,412
"1831","pill",7,13.8231391966777,412
"1832","pill",8,16.2736640986133,412
"1833","battery",1,4.226,413
"1834","battery",2,5.11181328108072,413
"1835","battery",3,6.18330218188198,413
"1836","battery",4,7.47938623149071,413
"1837","battery",5,9.04714289457324,413
"1838","battery",6,10.9435175589954,413
"1839","battery",7,13.2373919545227,413
"1840","battery",8,16.0120861334595,413
"1841","smoke_alarm",1,4,414
"1842","smoke_alarm",2,6.13371039147435,414
"1843","smoke_alarm",3,9.4056007916201,414
"1844","smoke_alarm",4,14.4228078284049,414
"1845","smoke_alarm",5,22.1163315628312,414
"1846","smoke_alarm",6,33.9137931820574,414
"1847","smoke_alarm",7,52.0043464137744,414
"1848","smoke_alarm",8,79.7449,414
"1849","monkey",1,6.379,415
"1850","monkey",2,8.84191108223666,415
"1851","monkey",3,12.2557440956544,415
"1852","monkey",4,16.9876468945639,415
"1853","monkey",5,23.5465219216442,415
"1854","monkey",6,32.6377571918975,415
"1855","monkey",7,45.2390887308963,415
"1856","monkey",8,62.7057532528609,415
"1857","ratchet",1,4,416
"1858","ratchet",2,5.4528105540237,416
"1859","ratchet",3,7.43328573451805,416
"1860","ratchet",4,10.1330747260635,416
"1861","ratchet",5,13.8134342027474,416
"1862","ratchet",6,18.8305099520132,416
"1863","ratchet",7,25.6698008509965,416
"1864","ratchet",8,34.99314025,416
"1865","go-kart",1,6.379,417
"1866","go-kart",2,8.84191108223666,417
"1867","go-kart",3,12.2557440956544,417
"1868","go-kart",4,16.9876468945639,417
"1869","go-kart",5,23.5465219216442,417
"1870","go-kart",6,32.6377571918975,417
"1871","go-kart",7,45.2390887308963,417
"1872","go-kart",8,62.7057532528609,417
"1873","bracelet1",1,6.379,418
"1874","bracelet1",2,8.84191108223666,418
"1875","bracelet1",3,12.2557440956544,418
"1876","bracelet1",4,16.9876468945639,418
"1877","bracelet1",5,23.5465219216442,418
"1878","bracelet1",6,32.6377571918975,418
"1879","bracelet1",7,45.2390887308963,418
"1880","bracelet1",8,62.7057532528609,418
"1881","funnel",1,6.379,419
"1882","funnel",2,8.84191108223666,419
"1883","funnel",3,12.2557440956544,419
"1884","funnel",4,16.9876468945639,419
"1885","funnel",5,23.5465219216442,419
"1886","funnel",6,32.6377571918975,419
"1887","funnel",7,45.2390887308963,419
"1888","funnel",8,62.7057532528609,419
"1889","coverall",1,5.192,420
"1890","coverall",2,7.38981831716712,420
"1891","coverall",3,10.5179920571531,420
"1892","coverall",4,14.9703486833143,420
"1893","coverall",5,21.3074262161662,420
"1894","coverall",6,30.3270432480569,420
"1895","coverall",7,43.1647418528526,420
"1896","coverall",8,61.436748844376,420
"1897","stem",1,4,421
"1898","stem",2,6.13371039147435,421
"1899","stem",3,9.4056007916201,421
"1900","stem",4,14.4228078284049,421
"1901","stem",5,22.1163315628312,421
"1902","stem",6,33.9137931820574,421
"1903","stem",7,52.0043464137744,421
"1904","stem",8,79.7449,421
"1905","banana_peel",1,6.379,423
"1906","banana_peel",2,8.84191108223666,423
"1907","banana_peel",3,12.2557440956544,423
"1908","banana_peel",4,16.9876468945639,423
"1909","banana_peel",5,23.5465219216442,423
"1910","banana_peel",6,32.6377571918975,423
"1911","banana_peel",7,45.2390887308963,423
"1912","banana_peel",8,62.7057532528609,423
"1913","solar_panel",1,13.5675,424
"1914","solar_panel",2,15.1583282049075,424
"1915","solar_panel",3,16.9356855697581,424
"1916","solar_panel",4,18.9214431723979,424
"1917","solar_panel",5,21.1400365371448,424
"1918","solar_panel",6,23.6187663234771,424
"1919","solar_panel",7,26.3881342713309,424
"1920","solar_panel",8,29.4822185369449,424
"1921","hay",1,4,425
"1922","hay",2,4.8760546168179,425
"1923","hay",3,5.94397715654779,425
"1924","hay",4,7.24578931411125,425
"1925","hay",5,8.8327161093905,425
"1926","hay",6,10.7672015410588,425
"1927","hay",7,13.1253656961222,425
"1928","hay",8,16,425
"1929","chalice",1,7.411,426
"1930","chalice",2,9.26618527094017,426
"1931","chalice",3,11.5857764775858,426
"1932","chalice",4,14.4860277086778,426
"1933","chalice",5,18.1122947764918,426
"1934","chalice",6,22.6463202106133,426
"1935","chalice",7,28.3153418940196,426
"1936","chalice",8,35.4034818513021,426
"1937","trapdoor",1,4.709,427
"1938","trapdoor",2,5.95835254020684,427
"1939","trapdoor",3,7.53917285907609,427
"1940","trapdoor",4,9.53940321850381,427
"1941","trapdoor",5,12.0703179866276,427
"1942","trapdoor",6,15.2727139173343,427
"1943","trapdoor",7,19.3247427830114,427
"1944","trapdoor",8,24.4518220959864,427
"1945","projector",1,5.7855,428
"1946","projector",2,7.26689727631641,428
"1947","projector",3,9.12761144663984,428
"1948","projector",4,11.4647679130346,428
"1949","projector",5,14.4003613725401,428
"1950","projector",6,18.0876236861263,428
"1951","projector",7,22.7190222625092,428
"1952","projector",8,28.5363064557946,428
"1953","lifesaver",1,16,429
"1954","lifesaver",2,17.0533049322707,429
"1955","lifesaver",3,18.1759505695631,429
"1956","lifesaver",4,19.37250171854,429
"1957","lifesaver",5,20.6478236942,429
"1958","lifesaver",6,22.0071021028099,429
"1959","lifesaver",7,23.4558639271771,429
"1960","lifesaver",8,25,429
"1961","modem",1,6.843,430
"1962","modem",2,7.87475660618583,430
"1963","modem",3,9.0620768093917,430
"1964","modem",4,10.4284157855503,430
"1965","modem",5,12.0007651759922,430
"1966","modem",6,13.8101862997121,430
"1967","modem",7,15.8924237609696,430
"1968","modem",8,18.2886115738711,430
"1969","shoehorn",1,4,431
"1970","shoehorn",2,5.26390396754828,431
"1971","shoehorn",3,6.92717124489262,431
"1972","shoehorn",4,9.11599104996915,431
"1973","shoehorn",5,11.9964253640168,431
"1974","shoehorn",6,15.7870077675112,431
"1975","shoehorn",7,20.7753232057794,431
"1976","shoehorn",8,27.3398265625,431
"1977","bonnet",1,4.316,432
"1978","bonnet",2,5.20549826317947,432
"1979","bonnet",3,6.27831607228094,432
"1980","bonnet",4,7.57223433965482,432
"1981","bonnet",5,9.13282036688163,432
"1982","bonnet",6,11.0150325666665,432
"1983","bonnet",7,13.2851559070083,432
"1984","bonnet",8,16.0231362372567,432
"1985","squeegee",1,8.0045,433
"1986","squeegee",2,9.16343975653739,433
"1987","squeegee",3,10.4901777964507,433
"1988","squeegee",4,12.0090089665991,433
"1989","squeegee",5,13.7477456682052,433
"1990","squeegee",6,15.7382271495779,433
"1991","squeegee",7,18.016902537305,433
"1992","squeegee",8,20.6254982822163,433
"1993","cashew",1,5.192,434
"1994","cashew",2,6.61485613983905,434
"1995","cashew",3,8.42764286416917,434
"1996","cashew",4,10.7372197889869,434
"1997","cashew",5,13.6797311721844,434
"1998","cashew",6,17.4286313050215,434
"1999","cashew",7,22.2049092444169,434
"2000","cashew",8,28.2901156105547,434
"2001","flashbulb",1,9.63,435
"2002","flashbulb",2,11.8495112272571,435
"2003","flashbulb",3,14.5805728270916,435
"2004","flashbulb",4,17.9410863358734,435
"2005","flashbulb",5,22.0761270992857,435
"2006","flashbulb",6,27.1642072603676,435
"2007","flashbulb",7,33.4249822337762,435
"2008","flashbulb",8,41.1287333592938,435
"2009","fast_food",1,4,436
"2010","fast_food",2,4.8760546168179,436
"2011","fast_food",3,5.94397715654779,436
"2012","fast_food",4,7.24578931411125,436
"2013","fast_food",5,8.8327161093905,436
"2014","fast_food",6,10.7672015410588,436
"2015","fast_food",7,13.1253656961222,436
"2016","fast_food",8,16,436
"2017","chute",1,6.032,437
"2018","chute",2,8.49562308834457,437
"2019","chute",3,11.9654528612754,437
"2020","chute",4,16.8524498658405,437
"2021","chute",5,23.7354214481771,437
"2022","chute",6,33.4295746794964,437
"2023","chute",7,47.0830680505087,437
"2024","chute",8,66.3129973474801,437
"2025","tuxedo",1,11.187,438
"2026","tuxedo",2,12.8638384774089,438
"2027","tuxedo",3,14.7920211292453,438
"2028","tuxedo",4,17.009222361762,438
"2029","tuxedo",5,19.5587636621112,438
"2030","tuxedo",6,22.4904600489152,438
"2031","tuxedo",7,25.8615933987543,438
"2032","tuxedo",8,29.7380316662197,438
"2033","prism",1,4,439
"2034","prism",2,4.88101144196965,439
"2035","prism",3,5.95606817415965,439
"2036","prism",4,7.26790922680614,439
"2037","prism",5,8.86868702380938,439
"2038","prism",6,10.8220407096153,439
"2039","prism",7,13.2056261322734,439
"2040","prism",8,16.1142030625,439
"2041","magnifier",1,5.192,440
"2042","magnifier",2,7.01568825893543,440
"2043","magnifier",3,9.47994640727357,440
"2044","magnifier",4,12.809774403861,440
"2045","magnifier",5,17.3092033676385,440
"2046","magnifier",6,23.3890552461223,440
"2047","magnifier",7,31.6044530581302,440
"2048","magnifier",8,42.7055065966872,440
"2049","fence",1,8.0045,441
"2050","fence",2,9.55774981309349,441
"2051","fence",3,11.4124032094058,441
"2052","fence",4,13.6269466727023,441
"2053","fence",5,16.2712158178594,441
"2054","fence",6,19.4285976565618,441
"2055","fence",7,23.1986602062181,441
"2056","fence",8,27.7002923667937,441
"2057","water_filter",1,6.032,442
"2058","water_filter",2,8.22531987396115,442
"2059","water_filter",3,11.2161616427355,442
"2060","water_filter",4,15.294515462459,442
"2061","water_filter",5,20.8558159807643,442
"2062","water_filter",6,28.4392834340613,442
"2063","water_filter",7,38.7802061060011,442
"2064","water_filter",8,52.8812334217507,442
"2065","highchair",1,8.734,444
"2066","highchair",2,10.1633413871073,444
"2067","highchair",3,11.8265981395566,444
"2068","highchair",4,13.7620511037831,444
"2069","highchair",5,16.0142458844246,444
"2070","highchair",6,18.6350180879877,444
"2071","highchair",7,21.6846863502563,444
"2072","highchair",8,25.233440605679,444
"2073","wig",1,5.7855,445
"2074","wig",2,6.72284244218372,445
"2075","wig",3,7.81204917508024,445
"2076","wig",4,9.077724614062,445
"2077","wig",5,10.5484594786746,445
"2078","wig",6,12.2574766369179,445
"2079","wig",7,14.2433815865089,445
"2080","wig",8,16.5510345259701,445
"2081","tile",1,4,446
"2082","tile",2,4.8760546168179,446
"2083","tile",3,5.94397715654779,446
"2084","tile",4,7.24578931411125,446
"2085","tile",5,8.8327161093905,446
"2086","tile",6,10.7672015410588,446
"2087","tile",7,13.1253656961222,446
"2088","tile",8,16,446
"2089","stool",1,6.515,447
"2090","stool",2,8.24344648077598,447
"2091","stool",3,10.4304543179459,447
"2092","stool",4,13.1976810345612,447
"2093","stool",5,16.6990602116281,447
"2094","stool",6,21.1293644104086,447
"2095","stool",7,26.7350398603248,447
"2096","stool",8,33.827915617805,447
"2097","gavel",1,5.639,448
"2098","gavel",2,6.57241410585035,448
"2099","gavel",3,7.66033466550464,448
"2100","gavel",4,8.92833687020698,448
"2101","gavel",5,10.4062293292307,448
"2102","gavel",6,12.1287548203848,448
"2103","gavel",7,14.1364070345624,448
"2104","gavel",8,16.4763825146302,448
"2105","bathrobe",1,4.316,450
"2106","bathrobe",2,5.20549826317947,450
"2107","bathrobe",3,6.27831607228094,450
"2108","bathrobe",4,7.57223433965482,450
"2109","bathrobe",5,9.13282036688163,450
"2110","bathrobe",6,11.0150325666665,450
"2111","bathrobe",7,13.2851559070083,450
"2112","bathrobe",8,16.0231362372567,450
"2113","mold1",1,10.7305,451
"2114","mold1",2,11.7471777099002,451
"2115","mold1",3,12.8601821115489,451
"2116","mold1",4,14.0786398253617,451
"2117","mold1",5,15.4125421874286,451
"2118","mold1",6,16.8728271783288,451
"2119","mold1",7,18.4714691144179,451
"2120","mold1",8,20.2215768370533,451
"2121","sim_card",1,5.639,452
"2122","sim_card",2,7.56728884760747,452
"2123","sim_card",3,10.154967281987,452
"2124","sim_card",4,13.6275174074834,452
"2125","sim_card",5,18.2875262454736,452
"2126","sim_card",6,24.541052209204,452
"2127","sim_card",7,32.9330077480514,452
"2128","sim_card",8,44.1946412927824,452
"2129","punching_bag",1,4.709,455
"2130","punching_bag",2,6.54305073324033,455
"2131","punching_bag",3,9.09142342275576,455
"2132","punching_bag",4,12.6323305781398,455
"2133","punching_bag",5,17.552342291746,455
"2134","punching_bag",6,24.388589106412,455
"2135","punching_bag",7,33.8874019612245,455
"2136","punching_bag",8,47.0857910915269,455
"2137","cocoon",1,5.0585,456
"2138","cocoon",2,7.00228960313792,456
"2139","cocoon",3,9.69300379286616,456
"2140","cocoon",4,13.4176573454509,456
"2141","cocoon",5,18.5735539247836,456
"2142","cocoon",6,25.7106659169385,456
"2143","cocoon",7,35.59029922703,456
"2144","cocoon",8,49.2663007314421,456
"2145","laundry_basket",1,4.9095,457
"2146","laundry_basket",2,5.82082727393373,457
"2147","laundry_basket",3,6.90131992116729,457
"2148","laundry_basket",4,8.1823793101686,457
"2149","laundry_basket",5,9.70123569697534,457
"2150","laundry_basket",6,11.5020302140368,457
"2151","laundry_basket",7,13.6370977035289,457
"2152","laundry_basket",8,16.1684876769529,457
"2153","cocktail",1,8.734,460
"2154","cocktail",2,9.82435194530046,460
"2155","cocktail",3,11.0508233507132,460
"2156","cocktail",4,12.4304073600585,460
"2157","cocktail",5,13.9822185400352,460
"2158","cocktail",6,15.7277577185037,460
"2159","cocktail",7,17.691209885161,460
"2160","cocktail",8,19.8997792821159,460
"2161","submarine",1,4,462
"2162","submarine",2,6.33527843506632,462
"2163","submarine",3,10.0339382124541,462
"2164","submarine",4,15.891948094037,462
"2165","submarine",5,25.1699790128365,462
"2166","submarine",6,39.8647063127738,462
"2167","submarine",7,63.1385035558919,462
"2168","submarine",8,100,462
"2169","rearview_mirror",1,7.1085,463
"2170","rearview_mirror",2,8.27190669614286,463
"2171","rearview_mirror",3,9.62572137436774,463
"2172","rearview_mirror",4,11.2011069975154,463
"2173","rearview_mirror",5,13.0343267886277,463
"2174","rearview_mirror",6,15.1675789607602,463
"2175","rearview_mirror",7,17.6499680621492,463
"2176","rearview_mirror",8,20.5386352957727,463
"2177","gearshift",1,4,464
"2178","gearshift",2,6.33527843506632,464
"2179","gearshift",3,10.0339382124541,464
"2180","gearshift",4,15.891948094037,464
"2181","gearshift",5,25.1699790128365,464
"2182","gearshift",6,39.8647063127738,464
"2183","gearshift",7,63.1385035558919,464
"2184","gearshift",8,100,464
"2185","jeans",1,4,467
"2186","jeans",2,4.8760546168179,467
"2187","jeans",3,5.94397715654779,467
"2188","jeans",4,7.24578931411125,467
"2189","jeans",5,8.8327161093905,467
"2190","jeans",6,10.7672015410588,467
"2191","jeans",7,13.1253656961222,467
"2192","jeans",8,16,467
"2193","cheese",1,4,468
"2194","cheese",2,5.26390396754828,468
"2195","cheese",3,6.92717124489262,468
"2196","cheese",4,9.11599104996915,468
"2197","cheese",5,11.9964253640168,468
"2198","cheese",6,15.7870077675112,468
"2199","cheese",7,20.7753232057794,468
"2200","cheese",8,27.3398265625,468
"2201","licorice",1,4,470
"2202","licorice",2,4.8760546168179,470
"2203","licorice",3,5.94397715654779,470
"2204","licorice",4,7.24578931411125,470
"2205","licorice",5,8.8327161093905,470
"2206","licorice",6,10.7672015410588,470
"2207","licorice",7,13.1253656961222,470
"2208","licorice",8,16,470
"2209","shell3",1,4,471
"2210","shell3",2,4.8760546168179,471
"2211","shell3",3,5.94397715654779,471
"2212","shell3",4,7.24578931411125,471
"2213","shell3",5,8.8327161093905,471
"2214","shell3",6,10.7672015410588,471
"2215","shell3",7,13.1253656961222,471
"2216","shell3",8,16,471
"2217","board",1,4.9095,472
"2218","board",2,5.82082727393373,472
"2219","board",3,6.90131992116729,472
"2220","board",4,8.1823793101686,472
"2221","board",5,9.70123569697534,472
"2222","board",6,11.5020302140368,472
"2223","board",7,13.6370977035289,472
"2224","board",8,16.1684876769529,472
"2225","lid",1,4.117,473
"2226","lid",2,5.4779593047013,473
"2227","lid",3,7.28881179110119,473
"2228","lid",4,9.69827893400032,473
"2229","lid",5,12.904245160577,473
"2230","lid",6,17.1700096787782,473
"2231","lid",7,22.8459106829425,473
"2232","lid",8,30.3980978868108,473
"2233","gum",1,5.192,474
"2234","gum",2,6.19425995681484,474
"2235","gum",3,7.38999545697222,474
"2236","gum",4,8.81655488061761,474
"2237","gum",5,10.5184963124172,474
"2238","gum",6,12.5489792977485,474
"2239","gum",7,14.9714252625081,474
"2240","gum",8,17.861498459168,474
"2241","mushroom",1,9.8345,475
"2242","mushroom",2,12.0456885689727,475
"2243","mushroom",3,14.7540406833777,475
"2244","mushroom",4,18.0713385739916,475
"2245","mushroom",5,22.1344975836866,475
"2246","mushroom",6,27.1112170953039,475
"2247","mushroom",7,33.2069020139141,475
"2248","mushroom",8,40.6731404748589,475
"2249","pole",1,4,476
"2250","pole",2,5.17233161167253,476
"2251","pole",3,6.68825357527674,476
"2252","pole",4,8.64846634857142,476
"2253","pole",5,11.1831839718005,476
"2254","pole",6,14.4607839941233,476
"2255","pole",7,18.6989925455931,476
"2256","pole",8,24.1793475625,476
"2257","floss",1,4.316,477
"2258","floss",2,6.42778796496056,477
"2259","floss",3,9.57285869381181,477
"2260","floss",4,14.2567900607858,477
"2261","floss",5,21.2325355819482,477
"2262","floss",6,31.6214635494076,477
"2263","floss",7,47.0936197491476,477
"2264","floss",8,70.1361914388322,477
"2265","chopsticks",1,7.1085,478
"2266","chopsticks",2,8.58216869032914,478
"2267","chopsticks",3,10.36134478853,478
"2268","chopsticks",4,12.5093632740842,478
"2269","chopsticks",5,15.102689150566,478
"2270","chopsticks",6,18.2336394411987,478
"2271","chopsticks",7,22.0136694834362,478
"2272","chopsticks",8,26.5773405078427,478
"2273","golf_cart",1,6.928,479
"2274","golf_cart",2,8.42594096360311,479
"2275","golf_cart",3,10.247759977212,479
"2276","golf_cart",4,12.4634844943942,479
"2277","golf_cart",5,15.1582829893979,479
"2278","golf_cart",6,18.4357386804642,479
"2279","golf_cart",7,22.4218310828529,479
"2280","golf_cart",8,27.2697784353349,479
"2281","skewer",1,4,480
"2282","skewer",2,5.1767597719809,480
"2283","skewer",3,6.69971043419995,480
"2284","skewer",4,8.67069786492175,480
"2285","skewer",5,11.2215299755319,480
"2286","skewer",6,14.5227912393529,480
"2287","skewer",7,18.7952503661897,480
"2288","skewer",8,24.324624,480
"2289","badge",1,4,481
"2290","badge",2,4.8760546168179,481
"2291","badge",3,5.94397715654779,481
"2292","badge",4,7.24578931411125,481
"2293","badge",5,8.8327161093905,481
"2294","badge",6,10.7672015410588,481
"2295","badge",7,13.1253656961222,481
"2296","badge",8,16,481
"2297","guardrail",1,4,482
"2298","guardrail",2,4.8760546168179,482
"2299","guardrail",3,5.94397715654779,482
"2300","guardrail",4,7.24578931411125,482
"2301","guardrail",5,8.8327161093905,482
"2302","guardrail",6,10.7672015410588,482
"2303","guardrail",7,13.1253656961222,482
"2304","guardrail",8,16,482
"2305","lemon",1,11.187,483
"2306","lemon",2,13.2069953813248,483
"2307","lemon",3,15.5917338877566,483
"2308","lemon",4,18.4070758418206,483
"2309","lemon",5,21.7307737218753,483
"2310","lemon",6,25.6546194848861,483
"2311","lemon",7,30.2869796233605,483
"2312","lemon",8,35.7557879681773,483
"2313","springboard",1,4,484
"2314","springboard",2,6.33527843506632,484
"2315","springboard",3,10.0339382124541,484
"2316","springboard",4,15.891948094037,484
"2317","springboard",5,25.1699790128365,484
"2318","springboard",6,39.8647063127738,484
"2319","springboard",7,63.1385035558919,484
"2320","springboard",8,100,484
"2321","pelican",1,11.831,485
"2322","pelican",2,13.3885425824418,485
"2323","pelican",3,15.1511345179492,485
"2324","pelican",4,17.1457704053645,485
"2325","pelican",5,19.4029986629188,485
"2326","pelican",6,21.9573893859818,485
"2327","pelican",7,24.8480637979437,485
"2328","pelican",8,28.1192934029246,485
"2329","quesadilla",1,4,486
"2330","quesadilla",2,5.62408180522792,486
"2331","quesadilla",3,7.90757403797393,486
"2332","quesadilla",4,11.1182108176155,486
"2333","quesadilla",5,15.6324317915098,486
"2334","quesadilla",6,21.9795188025242,486
"2335","quesadilla",7,30.9036529462353,486
"2336","quesadilla",8,43.4511680625,486
"2337","sandbox",1,4,487
"2338","sandbox",2,4.8760546168179,487
"2339","sandbox",3,5.94397715654779,487
"2340","sandbox",4,7.24578931411125,487
"2341","sandbox",5,8.8327161093905,487
"2342","sandbox",6,10.7672015410588,487
"2343","sandbox",7,13.1253656961222,487
"2344","sandbox",8,16,487
"2345","honeypot",1,6.032,488
"2346","honeypot",2,7.69761806108564,488
"2347","honeypot",3,9.82316376232623,488
"2348","honeypot",4,12.5356370679517,488
"2349","honeypot",5,15.9971064823407,488
"2350","honeypot",6,20.414392537065,488
"2351","honeypot",7,26.0514251822619,488
"2352","honeypot",8,33.245013428382,488
"2353","blinder",1,4,489
"2354","blinder",2,4.94576397627231,489
"2355","blinder",3,6.11514532724822,489
"2356","blinder",4,7.56101636729355,489
"2357","blinder",5,9.34875059334145,489
"2358","blinder",6,11.5591784769256,489
"2359","blinder",7,14.2922421266203,489
"2360","blinder",8,17.6715140625,489
"2361","fountain_pen",1,4.316,490
"2362","fountain_pen",2,6.68886534331286,490
"2363","fountain_pen",3,10.3662927666756,490
"2364","fountain_pen",4,16.0655089030702,490
"2365","fountain_pen",5,24.8980597137235,490
"2366","fountain_pen",6,38.5866007263344,490
"2367","fountain_pen",7,59.8008749570503,490
"2368","fountain_pen",8,92.6784059314179,490
"2369","freezer",1,4,492
"2370","freezer",2,4.8760546168179,492
"2371","freezer",3,5.94397715654779,492
"2372","freezer",4,7.24578931411125,492
"2373","freezer",5,8.8327161093905,492
"2374","freezer",6,10.7672015410588,492
"2375","freezer",7,13.1253656961222,492
"2376","freezer",8,16,492
"2377","shredder",1,7.411,494
"2378","shredder",2,8.52183996003792,494
"2379","shredder",3,9.79918449662652,494
"2380","shredder",4,11.2679910969014,494
"2381","shredder",5,12.9569581431555,494
"2382","shredder",6,14.8990856382245,494
"2383","shredder",7,17.13231997839,494
"2384","shredder",8,19.7002953717447,494
"2385","ketchup",1,5.3025,495
"2386","ketchup",2,7.68064274299971,495
"2387","ketchup",3,11.1253697209984,495
"2388","ketchup",4,16.1150382292834,495
"2389","ketchup",5,23.3425462383608,495
"2390","ketchup",6,33.8115527333902,495
"2391","ketchup",7,48.9758523585601,495
"2392","ketchup",8,70.9412588401698,495
"2393","birdbath",1,4,497
"2394","birdbath",2,5.61198261648528,497
"2395","birdbath",3,7.87358722193325,497
"2396","birdbath",4,11.0466086547175,497
"2397","birdbath",5,15.4983439353476,497
"2398","birdbath",6,21.7441091873703,497
"2399","birdbath",7,30.50689069262,497
"2400","birdbath",8,42.8010350625,497
"2401","sauerkraut",1,4,499
"2402","sauerkraut",2,5.26390396754828,499
"2403","sauerkraut",3,6.92717124489262,499
"2404","sauerkraut",4,9.11599104996915,499
"2405","sauerkraut",5,11.9964253640168,499
"2406","sauerkraut",6,15.7870077675112,499
"2407","sauerkraut",7,20.7753232057794,499
"2408","sauerkraut",8,27.3398265625,499
"2409","quill",1,6.379,501
"2410","quill",2,8.07142853084918,501
"2411","quill",3,10.212879531056,501
"2412","quill",4,12.9224842810928,501
"2413","quill",5,16.3509810810256,501
"2414","quill",6,20.6891009883627,501
"2415","quill",7,26.1781783970984,501
"2416","quill",8,33.1235767361655,501
"2417","raft",1,6.379,502
"2418","raft",2,8.07142853084918,502
"2419","raft",3,10.212879531056,502
"2420","raft",4,12.9224842810928,502
"2421","raft",5,16.3509810810256,502
"2422","raft",6,20.6891009883627,502
"2423","raft",7,26.1781783970984,502
"2424","raft",8,33.1235767361655,502
"2425","fire_hydrant",1,11.831,503
"2426","fire_hydrant",2,13.7456965399176,503
"2427","fire_hydrant",3,15.9702623081314,503
"2428","fire_hydrant",4,18.5548456893295,503
"2429","fire_hydrant",5,21.5577109450191,503
"2430","fire_hydrant",6,25.0465516647361,503
"2431","fire_hydrant",7,29.1000167825907,503
"2432","fire_hydrant",8,33.8094835601386,503
"2433","sweatsuit",1,7.838,504
"2434","sweatsuit",2,8.81797768151158,504
"2435","sweatsuit",3,9.92048104001484,504
"2436","sweatsuit",4,11.160829344311,504
"2437","sweatsuit",5,12.556257216802,504
"2438","sweatsuit",6,14.1261541083285,504
"2439","sweatsuit",7,15.8923337143191,504
"2440","sweatsuit",8,17.8793370757847,504
"2441","tripod",1,5.192,505
"2442","tripod",2,6.11242227961557,505
"2443","tripod",3,7.19601427664499,505
"2444","tripod",4,8.47170223208716,505
"2445","tripod",5,9.97354034469925,505
"2446","tripod",6,11.7416198400586,505
"2447","tripod",7,13.8231391966777,505
"2448","tripod",8,16.2736640986133,505
"2449","shoe_polish",1,4,506
"2450","shoe_polish",2,4.8760546168179,506
"2451","shoe_polish",3,5.94397715654779,506
"2452","shoe_polish",4,7.24578931411125,506
"2453","shoe_polish",5,8.8327161093905,506
"2454","shoe_polish",6,10.7672015410588,506
"2455","shoe_polish",7,13.1253656961222,506
"2456","shoe_polish",8,16,506
"2457","soda_fountain",1,4,507
"2458","soda_fountain",2,4.8760546168179,507
"2459","soda_fountain",3,5.94397715654779,507
"2460","soda_fountain",4,7.24578931411125,507
"2461","soda_fountain",5,8.8327161093905,507
"2462","soda_fountain",6,10.7672015410588,507
"2463","soda_fountain",7,13.1253656961222,507
"2464","soda_fountain",8,16,507
"2465","dollhouse",1,4,508
"2466","dollhouse",2,6.13371039147435,508
"2467","dollhouse",3,9.4056007916201,508
"2468","dollhouse",4,14.4228078284049,508
"2469","dollhouse",5,22.1163315628312,508
"2470","dollhouse",6,33.9137931820574,508
"2471","dollhouse",7,52.0043464137744,508
"2472","dollhouse",8,79.7449,508
"2473","clothesline",1,4,509
"2474","clothesline",2,4.8760546168179,509
"2475","clothesline",3,5.94397715654779,509
"2476","clothesline",4,7.24578931411125,509
"2477","clothesline",5,8.8327161093905,509
"2478","clothesline",6,10.7672015410588,509
"2479","clothesline",7,13.1253656961222,509
"2480","clothesline",8,16,509
"2481","copier",1,4,510
"2482","copier",2,4.8760546168179,510
"2483","copier",3,5.94397715654779,510
"2484","copier",4,7.24578931411125,510
"2485","copier",5,8.8327161093905,510
"2486","copier",6,10.7672015410588,510
"2487","copier",7,13.1253656961222,510
"2488","copier",8,16,510
"2489","shaving_cream",1,4,512
"2490","shaving_cream",2,4.8760546168179,512
"2491","shaving_cream",3,5.94397715654779,512
"2492","shaving_cream",4,7.24578931411125,512
"2493","shaving_cream",5,8.8327161093905,512
"2494","shaving_cream",6,10.7672015410588,512
"2495","shaving_cream",7,13.1253656961222,512
"2496","shaving_cream",8,16,512
"2497","clay",1,6.379,513
"2498","clay",2,7.33083481199326,513
"2499","clay",3,8.42469651053963,513
"2500","clay",4,9.6817774666785,513
"2501","clay",5,11.1264322456026,513
"2502","clay",6,12.7866494496547,513
"2503","clay",7,14.6945939668104,513
"2504","clay",8,16.8872301301144,513
"2505","taillight",1,4,514
"2506","taillight",2,5.14137087461895,514
"2507","taillight",3,6.608423617595,514
"2508","taillight",4,8.49408917866173,514
"2509","taillight",5,10.9178156773969,514
"2510","taillight",6,14.0331348845566,514
"2511","taillight",7,18.0373877437646,514
"2512","taillight",8,23.184225,514
"2513","oven",1,4,515
"2514","oven",2,5.4528105540237,515
"2515","oven",3,7.43328573451805,515
"2516","oven",4,10.1330747260635,515
"2517","oven",5,13.8134342027474,515
"2518","oven",6,18.8305099520132,515
"2519","oven",7,25.6698008509965,515
"2520","oven",8,34.99314025,515
"2521","hairdryer",1,4.226,516
"2522","hairdryer",2,5.11181328108072,516
"2523","hairdryer",3,6.18330218188198,516
"2524","hairdryer",4,7.47938623149071,516
"2525","hairdryer",5,9.04714289457324,516
"2526","hairdryer",6,10.9435175589954,516
"2527","hairdryer",7,13.2373919545227,516
"2528","hairdryer",8,16.0120861334595,516
"2529","briefcase",1,6.379,517
"2530","briefcase",2,7.33083481199326,517
"2531","briefcase",3,8.42469651053963,517
"2532","briefcase",4,9.6817774666785,517
"2533","briefcase",5,11.1264322456026,517
"2534","briefcase",6,12.7866494496547,517
"2535","briefcase",7,14.6945939668104,517
"2536","briefcase",8,16.8872301301144,517
"2537","lamb_chop",1,4,518
"2538","lamb_chop",2,4.8760546168179,518
"2539","lamb_chop",3,5.94397715654779,518
"2540","lamb_chop",4,7.24578931411125,518
"2541","lamb_chop",5,8.8327161093905,518
"2542","lamb_chop",6,10.7672015410588,518
"2543","lamb_chop",7,13.1253656961222,518
"2544","lamb_chop",8,16,518
"2545","ivy",1,4.226,519
"2546","ivy",2,5.11181328108072,519
"2547","ivy",3,6.18330218188198,519
"2548","ivy",4,7.47938623149071,519
"2549","ivy",5,9.04714289457324,519
"2550","ivy",6,10.9435175589954,519
"2551","ivy",7,13.2373919545227,519
"2552","ivy",8,16.0120861334595,519
"2553","mullet",1,4,520
"2554","mullet",2,4.8760546168179,520
"2555","mullet",3,5.94397715654779,520
"2556","mullet",4,7.24578931411125,520
"2557","mullet",5,8.8327161093905,520
"2558","mullet",6,10.7672015410588,520
"2559","mullet",7,13.1253656961222,520
"2560","mullet",8,16,520
